Name,key_DMB,key_FG,key_MLB,key_bbref,type,RJML,CJPL,SSBL
Miguel Cabrera,26367,1744,408234,cabremi01,B,avail,GDJ,WC
Adam Wainwright,26605,2233,425794,wainwad01,P,GH,avail,avail
Zack Greinke,26510,1943,425844,greinza01,P,HAL,JFS,ECB
Justin Verlander,26889,8700,434378,verlaju01,P,SV,RAH,CW
Nelson Cruz,26747,2434,443558,cruzne02,B,avail,avail,avail
David Peralta,29286,2136,444482,peralda01,B,HIG,FMB,WC
Manny Pina,28695,2829,444489,pinama01,B,avail,avail,avail
Kenley Jansen,28423,3096,445276,janseke01,P,DV,MBL,WC
Jesse Chavez,28191,5448,445926,chaveje01,P,TB,JFS,avail
Evan Longoria,27882,9368,446334,longoev01,B,avail,avail,avail
Corey Kluber,28728,2429,446372,klubeco01,P,avail,avail,TBD
Rich Hill,26882,4806,448179,hillri01,P,RM,avail,PP
Charlie Morton,28162,4676,450203,mortoch02,P,TB,GAP,TT
Ian Kennedy,27852,6986,453178,kenneia01,P,avail,avail,avail
Daniel Bard,28224,7115,453268,bardda01,P,BRA,avail,PP
Max Scherzer,27888,3137,453286,scherma01,P,DV,GAP,WAU
Charlie Blackmon,28644,7859,453568,blackch02,B,STE,WAW,SR
Martin Maldonado,28734,6887,455117,maldoma01,B,DAY,SEA,SSF
Chris Martin,29246,11847,455119,martich02,P,GNB,GAP,ECB
Johnny Cueto,27556,6893,456501,cuetojo01,P,avail,avail,avail
Matt Bush,30645,1246,456713,bushma01,P,avail,avail,avail
Donovan Solano,28852,8623,456781,solando01,B,GH,WWL,SSF
Andrew McCutchen,27678,9847,457705,mccutan01,B,RAM,WWL,CB
Justin Turner,28079,5235,457759,turneju01,B,CC,GAP,ECB
Joey Votto,27402,4314,458015,vottojo01,B,GNB,avail,avail
Lance Lynn,28635,2520,458681,lynnla01,P,STE,LWC,KR
Elvis Andrus,28276,8709,462101,andruel01,B,HOM,GDJ,VM
Carlos Santana,28401,2396,467793,santaca01,B,RAM,TBT,SB
Carlos Carrasco,27541,6632,471911,carraca01,P,GH,avail,SR
Fernando Abad,28430,4994,472551,abadfe01,P,avail,avail,avail
Luis A. Garcia,29108,6984,472610,garcilu03,P,GH,LWC,avail
Brandon Belt,28564,10264,474832,beltbr01,B,TB,RAH,ECB
Lucas Luetge,28793,8337,476595,luetglu01,P,avail,avail,avail
Clayton Kershaw,28087,2036,477132,kershcl01,P,DV,ANG,KR
Michael Brantley,27523,4106,488726,brantmi02,B,CC,avail,SB
Tommy Hunter,28176,1157,488984,hunteto02,P,avail,avail,avail
Wade Miley,28708,8779,489119,mileywa01,P,DAY,STL,IR
Kirby Yates,29297,9073,489446,yateski01,P,STE,MMA,VM
Yuli Gurriel,30661,19198,493329,gourryu01,B,HIG,avail,avail
Adam Ottavino,28392,1247,493603,ottavad01,P,BRA,FMB,TBD
Miguel Rojas,29296,7802,500743,rojasmi02,B,GH,SEA,avail
Jose Quintana,28836,11423,500779,quintjo01,P,GRF,JFS,KR
Eduardo Escobar,28742,6153,500871,escobed01,B,avail,WWL,SR
Ehire Adrianza,29191,8418,501303,adriaeh01,B,avail,avail,avail
Abraham Almonte,29168,5486,501659,almonab01,B,avail,avail,avail
Kyle Gibson,29099,10123,502043,gibsoky01,P,VAN,ILK,CB
Tommy Pham,29425,2967,502054,phamth01,B,WHI,WWL,WAU
Zach McAllister,28672,2895,502083,mcallza01,P,avail,avail,avail
David Robertson,28166,8241,502085,roberda08,P,HAR,TBT,CW
J.D. Martinez,28690,6184,502110,martijd02,B,STE,ILK,NB
Alex Cobb,28598,6562,502171,cobbal01,P,CK,NYZ,IR
Paolo Espino,29630,8246,502179,espinpa01,P,avail,avail,avail
Brad Boxberger,28879,10133,502202,boxbebr01,P,avail,avail,avail
Chase Anderson,29265,6895,502624,anderch01,P,GH,avail,avail
Paul Goldschmidt,28694,9218,502671,goldspa01,B,GRF,JFS,SLB
Yu Darvish,28792,13074,506433,darviyu01,P,GH,MBL,KR
Sandy Leon,28843,5273,506702,leonsa01,B,avail,avail,avail
Jose Altuve,28682,5417,514888,altuvjo01,B,CC,NYZ,NB
Jean Segura,28912,5933,516416,segurje01,B,HIG,avail,avail
Starling Marte,28913,9241,516782,martest01,B,TB,GAP,avail
Alex Colome,29061,6661,517008,colomal01,P,avail,avail,avail
Scott Alexander,29447,10591,518397,alexasc02,P,RAC,avail,SLB
Ryan Brasier,29035,5615,518489,brasiry01,P,ROC,OCG,NB
Madison Bumgarner,28366,5524,518516,bumgama01,P,avail,avail,avail
Fernando Cruz,34292,7048,518585,cruzfe01,P,HAL,MMA,SLB
Charlie Culberson,28842,3298,518586,culbech01,B,avail,avail,avail
Travis d'Arnaud,29152,7739,518595,darnatr01,B,HOM,JFS,TT
Jake Diekman,28844,5003,518617,diekmja01,P,HIG,MMA,SSF
Josh Donaldson,28509,5038,518626,donaljo02,B,avail,avail,avail
Freddie Freeman,28454,5361,518692,freemfr01,B,SV,NYZ,TBD
Yasmani Grandal,28865,11368,518735,grandya01,B,HIG,LWC,avail
Jason Heyward,28514,4940,518792,heywaja01,B,HOM,LWC,TT
Merrill Kelly,29759,11156,518876,kellyme01,P,DAY,FMB,WAU
Craig Kimbrel,28376,6655,518886,kimbrcr01,P,TB,WWL,WAU
DJ LeMahieu,28631,9874,518934,lemahdj01,B,WHI,OBS,SLB
T.J. McFarland,29000,3237,519008,mcfartj01,P,avail,avail,avail
Matt Moore,28774,1890,519043,moorema02,P,RM,FMB,SR
Mike Moustakas,28648,4892,519058,moustmi01,B,HIG,WAW,avail
Ryan Pressly,28998,7005,519151,pressry01,P,SV,GAP,ECB
Anthony Rizzo,28649,3473,519203,rizzoan01,B,GH,OBS,CW
Chris Sale,28438,10603,519242,salech01,P,HAR,TBT,SLB
Will M. Smith,28854,8048,519293,smithwi04,P,RAM,STL,SSF
Giancarlo Stanton,28396,4949,519317,stantmi03,B,CC,RAH,avail
Liam Hendriks,28750,3548,521230,hendrli01,P,avail,avail,IR
Salvador Perez,28706,7304,521692,perezsa02,B,GH,STL,SLB
Joe Kelly,28880,9761,523260,kellyjo05,P,RAM,ILK,SLB
Wilmer Flores,29141,5827,527038,florewi01,B,ROC,ILK,SSF
Martin Perez,28888,6902,527048,perezma02,P,GH,TBT,CB
Julio Teheran,28603,6797,527054,teherju01,P,TB,FMB,avail
Erasmo Ramirez,28795,10314,541640,ramirer02,P,avail,avail,avail
Avisail Garcia,28948,5760,541645,garciav01,B,avail,avail,avail
Christian Bethancourt,29208,10028,542194,bethach01,B,STE,JFS,TT
Carlos Perez,29921,10642,542208,perezca02,B,DV,avail,avail
Marcell Ozuna,29031,10324,542303,ozunama01,B,HOM,MMA,ECB
Rafael Ortega,28982,10323,542364,ortegra01,B,avail,WWL,avail
Jesus Aguilar,29271,11342,542583,aguilje01,B,avail,avail,avail
Jose Cisnero,29162,6399,542585,cisnejo01,P,avail,avail,SLB
Tyler Anderson,29460,12880,542881,anderty01,P,DAY,avail,SB
Shawn Armstrong,29468,12857,542888,armstsh01,P,CC,ANG,TT
Anthony Bass,28653,7982,542914,bassan01,P,avail,GAP,avail
Jon Berti,29492,12037,542932,bertijo01,B,ROC,FMB,VM
Richard Bleier,30251,7803,542947,bleieri01,P,avail,avail,avail
Gerrit Cole,29077,13125,543037,colege01,P,RAM,OCG,NB
Danny Coulombe,29431,13293,543056,couloda01,P,DV,TBT,NB
Brandon Crawford,28628,5343,543063,crawfbr01,B,GH,avail,SB
C.J. Cron,29256,12546,543068,croncj01,B,VAN,avail,avail
Anthony DeSclafani,29267,13050,543101,desclan01,P,GH,GAP,WC
Nathan Eovaldi,28697,9132,543135,eovalna01,P,WHI,FMB,IR
Yan Gomes,28847,9627,543228,gomesya01,B,CK,ILK,SB
Sonny Gray,29113,12768,543243,grayso01,P,SV,WAW,HOB
Robbie Grossman,29023,5254,543257,grossro01,B,GNB,TBT,SLB
Brad Hand,28642,9111,543272,handbr01,P,avail,avail,TBD
Josh Harrison,28633,8202,543281,harrijo05,B,HAR,avail,avail
Kyle Hendricks,29337,12049,543294,hendrky01,P,WHI,GDJ,CW
Aaron Hicks,28988,5297,543305,hicksaa01,B,CC,RAH,ECB
Kyle Higashioka,30372,5517,543309,higasky01,B,DAY,LWC,CW
Eric Hosmer,28602,3516,543333,hosmeer01,B,avail,avail,avail
Daniel Hudson,28349,7146,543339,hudsoda01,P,avail,avail,avail
Jay Jackson,29736,7432,543351,jacksja01,P,CK,avail,avail
Jordan Lyles,28632,7593,543475,lylesjo01,P,HOM,GAP,SR
Drew Maggi,29805,11381,543482,maggidr01,B,avail,avail,avail
Trevor May,29364,6398,543507,maytr01,P,CAM,JFS,SSF
James McCann,29396,12859,543510,mccanja02,B,ROC,avail,WC
Scott McGough,30211,12056,543518,mcgousc01,P,HOM,FMB,avail
Collin McHugh,28943,7531,543521,mchugco01,P,CK,avail,TBD
Brad Miller,29098,12775,543543,millebr02,B,avail,avail,avail
Tommy Milone,28739,7608,543548,milonto01,P,avail,avail,avail
Austin Nola,30485,15941,543592,nolaau01,B,avail,MMA,WC
Sean Nolin,29052,11341,543594,nolinse01,P,avail,avail,avail
Anthony Rendon,29018,12861,543685,rendoan01,B,HAR,avail,SLB
Marcus Semien,29185,12533,543760,semiema01,B,GRF,OCG,SLB
Bryan Shaw,28650,8110,543766,shawbr01,P,ROC,OCG,avail
George Springer,29235,12856,543807,springe01,B,CC,FMB,TT
Michael Tonkin,29112,10315,543859,tonkimi01,P,HAR,LWC,HOB
Christian Vazquez,29339,9774,543877,vazquch01,B,GH,WWL,IR
Ryan Weber,30221,10160,543901,weberry01,P,avail,avail,avail
Kolten Wong,29151,12532,543939,wongko01,B,avail,LWC,avail
Jeurys Familia,28960,5114,544727,familje01,P,avail,avail,avail
Ildemaro Vargas,30770,13324,545121,vargail01,B,STE,STL,avail
Randal Grichuk,29249,10243,545341,grichra01,B,CK,ILK,SR
Jake Marisnick,29125,11339,545350,marisja01,B,avail,avail,avail
Mike Trout,28673,10155,545361,troutmi01,B,STE,OCG,NB
Michael Lorenzen,29801,14843,547179,lorenmi01,P,CK,SEA,SB
Bryce Harper,28824,11579,547180,harpebr03,B,HIG,ILK,HOB
Michael Kelly,30971,12791,547184,kellymi03,P,avail,avail,avail
Roberto Perez,29338,2900,547379,perezro02,B,avail,avail,avail
Hyun Jin Ryu,28987,14444,547943,ryuhy01,P,TB,avail,avail
Aroldis Chapman,28452,10233,547973,chapmar01,P,TB,ILK,CB
Jose Abreu,29210,15676,547989,abreujo02,B,WHI,GAP,avail
Brooks Raley,28929,10061,548384,raleybr01,P,CAM,OCG,ECB
Ross Stripling,30577,13273,548389,stripro01,P,ALA,FMB,avail
Andrew Kittredge,31026,12828,552640,kittran01,P,avail,TBT,avail
Elias Diaz,29602,11680,553869,diazel01,B,CC,FMB,SB
Omar Narvaez,30648,13338,553882,narvaom01,B,ALA,avail,avail
Eugenio Suarez,29294,12552,553993,suareeu01,B,DV,NYZ,SR
Yimi Garcia,29394,12095,554340,garciyi01,P,DAY,OCG,NB
Zack Wheeler,29084,10310,554430,wheelza01,P,RAM,MMA,TBD
Joely Rodriguez,29978,11487,570257,rodrijo06,P,avail,avail,avail
Gio Urshela,30106,10681,570482,urshegi01,B,STE,WAW,CW
Jose Urena,30103,11589,570632,urenajo01,P,HIG,avail,avail
Luis Cessa,30277,13345,570666,cessalu01,P,avail,LWC,avail
Jonathan Schoop,29206,11265,570731,schoojo01,B,avail,avail,avail
Nolan Arenado,29029,9777,571448,arenano01,B,CC,JFS,WAU
Tucker Barnhart,29223,10200,571466,barnhtu01,B,avail,avail,avail
Andrew Bellatti,30179,10657,571479,bellaan01,P,avail,avail,TT
Matthew Boyd,30178,15440,571510,boydma01,P,TB,avail,avail
Matt Carasiti,30657,13276,571539,carasma01,P,avail,avail,avail
Patrick Corbin,28827,9323,571578,corbipa01,P,HIG,FMB,SR
Matt Dermody,30659,14844,571616,dermoma01,P,avail,avail,avail
Buck Farmer,29368,14814,571656,farmebu01,P,DAY,STL,WAU
Kyle Farmer,29632,14813,571657,farmeky01,B,CAM,OBS,SR
Dylan Floro,30639,13394,571670,florody01,P,GRF,avail,SLB
Mychal Givens,30190,10430,571710,givenmy01,P,avail,avail,avail
Billy Hamilton,29179,10199,571740,hamilbi02,B,avail,avail,avail
Mitch Haniger,29698,14274,571745,hanigmi01,B,CC,avail,avail
Andrew Heaney,29307,15423,571760,heanean01,P,DV,SEA,SIP
Enrique Hernandez,29328,10472,571771,hernaen02,B,RAC,MMA,avail
Matt Koch,30405,13420,571863,kochma01,P,avail,avail,avail
Jake Lamb,29361,13329,571875,lambja01,B,avail,avail,avail
Derek Law,29782,13133,571882,lawde01,P,ROC,avail,avail
Aaron Loup,28900,10343,571901,loupaa01,P,avail,avail,avail
Luke Maile,30209,13355,571912,mailelu01,B,CC,avail,WAU
Steven Matz,29824,13361,571927,matzst01,P,HOM,LWC,PP
Miles Mikolas,28832,9803,571945,mikolmi01,P,VAN,GDJ,IR
Shelby Miller,28963,10197,571946,millesh01,P,ROC,RAH,CW
Hoby Milner,31156,13346,571948,milneho01,P,TB,HAM,WAU
Max Muncy,29872,13301,571970,muncyma01,B,GNB,OBS,CW
Wil Myers,29085,10047,571976,myerswi01,B,avail,avail,avail
Tyler Naquin,29880,13359,571980,naquity01,B,avail,avail,avail
Chris Owings,29178,10030,572008,owingch01,B,avail,avail,avail
James Paxton,29190,11828,572020,paxtoja01,P,BRA,STL,OCS
AJ Pollock,28814,9256,572041,polloaj01,B,avail,avail,avail
Jon Singleton,29287,10441,572138,singljo02,B,avail,avail,avail
Michael A. Taylor,29366,11489,572191,taylomi02,B,HAL,TBT,avail
Ryan Tepera,30079,10291,572193,teperry01,P,avail,avail,avail
Trayce Thompson,30083,9952,572204,thomptr01,B,avail,avail,avail
Luke Voit,30836,14811,572228,voitlu01,B,avail,avail,avail
Christian Walker,29433,13419,572233,walkech02,B,STE,STL,MVR
Mike Zunino,29079,13265,572287,zuninmi01,B,avail,avail,avail
Drew VerHagen,29344,13424,572403,verhadr01,P,RAC,WWL,TT
Matt Carpenter,28639,8090,572761,carpema01,B,avail,avail,SR
Corey Dickerson,29090,10762,572816,dickeco01,B,avail,avail,avail
Shane Greene,29242,10756,572888,greensh02,P,avail,avail,avail
Pierce Johnson,29747,13435,572955,johnspi01,P,HOM,avail,MVR
Dallas Keuchel,28882,9434,572971,keuchda01,P,avail,avail,avail
Joe Mantiply,30438,14857,573009,mantijo01,P,GNB,OBS,SSF
Taylor Rogers,29980,13449,573124,rogerta01,P,WHI,LWC,OCS
Darin Ruf,28971,9929,573131,rufda01,B,avail,avail,avail
Marcus Stroman,29257,13431,573186,stromma01,P,TB,TBT,OCS
Caleb Thielbar,29046,10078,573204,thielca01,P,STE,avail,TT
Mike Yastrzemski,30160,14854,573262,yastrmi01,B,WHI,ILK,SR
Willson Contreras,30286,11609,575929,contrwi01,B,GNB,RAH,WAU
Juniel Querecuto,30519,12140,578570,quereju01,B,avail,avail,avail
Yusei Kikuchi,32296,20633,579328,kikucyu01,P,VAN,NYZ,TBD
Jason Adam,29440,11861,592094,adamja01,P,DV,WAW,VM
Kris Bryant,29529,15429,592178,bryankr01,B,HOM,RAH,avail
Mark Canha,29540,11445,592192,canhama01,B,CC,SEA,HOB
Curt Casali,29343,12510,592200,casalcu01,B,avail,avail,avail
Nick Castellanos,29170,11737,592206,casteni01,B,CK,JFS,IR
Alex Claudio,29369,12890,592222,NA,P,avail,avail,avail
Dylan Covey,31000,14825,592229,coveydy01,P,avail,avail,avail
Jose E. De Leon,30300,15463,592254,deleojo03,P,avail,avail,avail
Brandon Drury,29613,11615,592273,drurybr01,B,CAM,WAW,TT
Ben Gamel,30337,12160,592325,gamelbe01,B,avail,avail,avail
Kevin Gausman,29050,14107,592332,gausmke01,P,ALA,LWC,WAU
Chi Chi Gonzalez,29674,14663,592346,gonzach01,P,avail,avail,avail
Jon Gray,29681,14916,592351,grayjo02,P,CAM,OBS,SLB
Heath Hembree,29177,11632,592390,hembrhe01,P,avail,avail,avail
Luke Jackson,29737,11752,592426,jackslu01,P,HOM,ILK,avail
Aaron Judge,29752,15640,592450,judgeaa01,B,CAM,ILK,TT
Tommy Kahnle,29224,11384,592454,kahnlto01,P,VAN,WWL,HOB
Adam Kolarek,30406,10843,592473,kolarad01,P,avail,avail,avail
Manny Machado,28931,11493,592518,machama01,B,BRA,MMA,OCS
Michael Mariot,29230,10835,592527,mariomi01,P,avail,avail,avail
Joc Pederson,29386,11899,592626,pederjo01,B,DV,HAM,TBD
Henry Ramos,29947,11481,592656,ramoshe01,B,avail,avail,avail
Robbie Ray,29261,11486,592662,rayro02,P,HOM,MBL,OCS
J.T. Realmuto,29292,11739,592663,realmjt01,B,RAM,OCG,KR
Hunter Renfroe,29959,15464,592669,renfrhu01,B,DV,GAP,avail
Eddie Rosario,29987,12155,592696,rosared01,B,GNB,ILK,WAU
Chasen Shreve,29345,10855,592741,shrevch01,P,avail,avail,avail
Drew Smyly,28809,11760,592767,smylydr01,P,BRA,ILK,avail
Ryne Stanek,30573,15947,592773,stanery01,P,DAY,LWC,TT
Brock Stewart,30672,16727,592779,stewabr01,P,VAN,OBS,CW
Noah Syndergaard,30072,11762,592789,syndeno01,P,HIG,FMB,PP
Jameson Taillon,30074,11674,592791,taillja01,P,STE,GAP,KR
Vince Velasquez,30112,11189,592826,velasvi01,P,CC,OCG,SB
Taijuan Walker,29167,11836,592836,walketa01,P,STE,MMA,PP
Zack Weiss,30612,15444,592848,weissza01,P,avail,avail,avail
Trevor Williams,30139,16977,592866,willitr01,P,HIG,MBL,avail
Christian Yelich,29124,11477,592885,yelicch01,B,HIG,OCG,KR
Whit Merrifield,29844,11281,593160,merriwh01,B,TB,NYZ,TT
Domingo German,29664,17149,593334,germado01,P,GNB,WAW,CB
Frankie Montas,29860,14309,593423,montafr02,P,HAR,MBL,MVR
Xander Bogaerts,29155,12161,593428,bogaexa01,B,GNB,ANG,OCS
Hector Neris,29359,11804,593576,nerishe01,P,CAM,STL,CB
Domingo Tapia,32450,12178,593619,tapiado01,P,avail,avail,avail
Hanser Alberto,29443,11902,593643,alberha01,B,avail,avail,avail
Wander Suero,32050,15855,593833,suerowa01,P,avail,avail,avail
Jorge Polanco,29322,13152,593871,polanjo01,B,SV,JFS,IR
Eduardo Rodriguez,29977,13164,593958,rodried05,P,HAR,NYZ,SLB
Wandy Peralta,30671,14295,593974,peralwa01,P,PR,RAH,HOB
Mike Mayers,29825,15451,594577,mayermi01,P,avail,avail,avail
Sam Moll,30471,14874,594580,mollsa01,P,DAY,FMB,SSF
Kole Calhoun,28853,11200,594777,calhoko01,B,avail,avail,avail
Jacob deGrom,29269,10954,594798,degroja01,P,ROC,HAM,HOB
Adam Duvall,29320,10950,594807,duvalad01,B,DAY,LWC,NB
Marco Gonzales,29317,15467,594835,gonzama02,P,BRA,NYZ,SLB
Ben Lively,29795,14932,594902,livelbe01,P,CAM,JFS,avail
Zach Neal,29884,11294,594943,nealza01,P,avail,avail,avail
Kevin Kiermaier,29209,11038,595281,kiermke01,B,CC,NYZ,KR
Steven Okert,29907,13580,595345,okertst01,P,WHI,FMB,TT
Ryan Sherriff,30027,12249,595411,sherrry01,P,avail,avail,avail
Chad Wallach,30125,17161,595453,wallach01,B,avail,avail,avail
Jorge Alfaro,29448,12180,595751,alfarjo01,B,avail,avail,avail
Jurickson Profar,28953,10815,595777,profaju01,B,GRF,WAW,SSF
Javier Baez,29354,12979,595879,baezja01,B,TB,RAH,avail
Nick Burdi,30264,16074,595897,burdini01,P,avail,avail,avail
Jake Cave,29553,14477,595909,caveja01,B,avail,avail,avail
John Curtiss,31197,16128,595928,curtijo02,P,avail,avail,PP
Cam Gallagher,29651,12981,595956,gallaca01,B,avail,avail,avail
Austin Hedges,29709,12976,595978,hedgeau01,B,HIG,avail,avail
Jakob Junis,30916,13619,596001,junisja01,P,TB,MMA,VM
Francisco Lindor,29793,12916,596019,lindofr01,B,CK,BAB,HOB
Daniel Norris,29414,13475,596057,norrida01,P,avail,avail,avail
Rougned Odor,29264,12282,596059,odorro01,B,avail,avail,avail
Austin Slater,30561,16153,596103,slateau01,B,DV,WWL,WC
Robert Stephenson,30057,13594,596112,stephro01,P,DAY,OBS,TBD
Trevor Story,30061,12564,596115,storytr01,B,CC,FMB,HOB
Garrett Stubbs,30757,18067,596117,stubbga01,B,STE,avail,avail
Daniel Vogelbach,30119,14130,596129,vogelda01,B,ROC,avail,SB
Luke Weaver,30674,16918,596133,weavelu01,P,ALA,GDJ,MVR
Gary Sanchez,30001,11442,596142,sanchga02,B,RM,WAW,TBD
Max Kepler,29762,12144,596146,keplema01,B,ALA,GDJ,SIP
Casey Lawrence,29783,11121,596271,lawreca01,P,avail,avail,avail
Austin Gomber,31036,16561,596295,gombeau01,P,WHI,MBL,SR
Ji Man Choi,29559,5452,596847,choiji01,B,avail,avail,avail
Matt Barnes,29421,12863,598264,barnema01,P,avail,avail,avail
Jackie Bradley,28989,12984,598265,bradlja02,B,avail,avail,avail
Nick Ramirez,29945,12575,598286,ramirni01,P,DV,avail,avail
Taylor Motter,30480,12399,600301,motteta01,B,avail,avail,avail
Tommy La Stella,29281,12371,600303,lasteto01,B,avail,avail,avail
Jeimer Candelario,30271,13621,600869,candeje01,B,TB,FMB,PP
Jose Leclerc,30416,14524,600917,leclejo01,P,CK,STL,WC
Andres Machado,31210,14681,600921,machaan02,P,avail,avail,avail
Thyago Vieira,31143,14510,600986,vieirth01,P,avail,avail,avail
Nick Pivetta,30513,15454,601713,pivetni01,P,HIG,STL,SIP
Yonathan Daza,32062,15794,602074,dazayo01,B,avail,avail,avail
Ramon Urias,31996,18795,602104,uriasra01,B,ALA,TBT,SR
Nick Ahmed,29325,12147,605113,ahmedni01,B,HAR,WWL,avail
Brian Anderson,30699,18289,605119,anderbr06,B,GH,OBS,avail
Scott Barlow,31262,14993,605130,barlosc01,P,GRF,MBL,avail
Austin Barnes,29477,12158,605131,barneau01,B,BRA,MMA,avail
Chris Bassitt,29384,12304,605135,bassich01,P,DV,GAP,TT
Josh Bell,29485,13145,605137,belljo02,B,PR,MMA,NB
Mookie Betts,29438,13611,605141,bettsmo01,B,CK,ANG,TBD
Archie Bradley,29516,12918,605151,bradlar01,P,avail,avail,avail
John Brebbia,31188,12777,605154,brebbjo01,P,CC,JFS,avail
Colten Brewer,31263,12997,605155,breweco01,P,avail,avail,avail
Victor Caratini,30892,14968,605170,caratvi01,B,HIG,NYZ,VM
Andrew Chafin,29367,12988,605177,chafian01,P,HIG,avail,avail
Mike Clevinger,29564,12808,605182,clevimi01,P,CC,ANG,IR
Zach Davies,29588,13183,605200,davieza02,P,RM,avail,avail
J.D. Davis,30295,16219,605204,davisjd01,B,CAM,RAH,SSF
Carl Jr. Edwards,29624,13607,605218,edwarca01,P,avail,WWL,SSF
Michael Fulmer,30334,13218,605242,fulmemi01,P,BRA,avail,avail
Clay Holmes,30981,13649,605280,holmecl01,P,TB,NYZ,SIP
Adrian Houser,30207,12718,605288,housead01,P,HAR,SEA,PP
Jorge Lopez,29800,14527,605347,lopezjo02,P,HIG,avail,PP
Nick Martini,30447,12005,605361,martini02,B,ROC,avail,avail
Joe Musgrove,30482,12970,605397,musgrjo01,P,CAM,ANG,MVR
Aaron Nola,29894,16149,605400,nolaaa01,P,WHI,LWC,IR
Michael Perez,31977,12977,605421,perezmi03,B,avail,avail,avail
Yacksel Rios,31219,15007,605441,riosya01,P,avail,avail,avail
Dereck Rodriguez,31850,14509,605446,rodride01,P,avail,avail,avail
Jordan Romano,31389,16122,605447,romanjo03,P,SV,WAW,OCS
Tayler Scott,32027,13652,605463,scottta02,P,avail,avail,avail
Blake Snell,30048,13543,605483,snellbl01,P,CK,RAH,CB
Jeffrey Springs,32072,17677,605488,sprinje01,P,VAN,MBL,VM
Andrew Suarez,31008,18300,605498,suarean01,P,avail,avail,avail
Spencer Turnbull,31390,16207,605513,turnbsp01,P,RAM,avail,avail
Brandon Woodruff,30937,16162,605540,woodrbr01,P,GRF,OCG,ECB
Harold Castro,30762,14691,605612,castrha01,B,STE,FMB,SR
Orlando Arcia,29466,13185,606115,arciaor01,B,VAN,WAW,SLB
Raimel Tapia,30584,14350,606132,tapiara01,B,avail,OCG,avail
Giovanny Gallegos,31055,14986,606149,gallegi01,P,WHI,avail,SR
Rafael Montero,29268,12760,606160,montera01,P,CAM,avail,SR
Teoscar Hernandez,29718,13066,606192,hernate01,B,HAL,HAM,SLB
Joel Payamps,31911,14332,606303,payamjo01,P,HOM,BAB,WAU
Ketel Marte,29818,13613,606466,marteke01,B,RAM,ILK,MVR
Reyes Moronta,31096,14966,606625,moronre01,P,avail,avail,avail
Jacob Barnes,30241,12323,606930,barneja01,P,avail,avail,avail
Chris Devenski,30304,12763,606965,devench02,P,GNB,ILK,TT
Eric Haase,30748,14111,606992,haaseer01,B,HAL,avail,SR
Brandon Nimmo,29892,12927,607043,nimmobr01,B,GNB,ILK,CB
Jace Peterson,29243,12325,607054,peterja01,B,HAL,GAP,avail
Colin Rea,30215,12317,607067,reaco01,P,CAM,MBL,SLB
Carlos Rodon,29975,16137,607074,rodonca01,P,RM,WWL,MVR
Jordan Weems,32664,13190,607179,weemsjo01,P,WHI,WWL,WAU
Jake Faria,30320,13699,607188,fariaja01,P,avail,avail,avail
Tyler Glasnow,29670,14374,607192,glasnty01,P,PR,HAM,KR
Trea Turner,30101,16252,607208,turnetr01,B,HAL,OBS,KR
Joey Krehbiel,31913,13707,607216,krehbjo01,P,avail,avail,avail
Amir Garrett,29660,14375,607237,garream01,P,avail,avail,avail
Nick Martinez,29228,12730,607259,martini01,P,GNB,SEA,HOB
Spencer Patton,29417,12361,607359,pattosp01,P,avail,avail,avail
Anthony Banda,31002,14706,607455,bandaan01,P,avail,avail,avail
Kyle Barraclough,30195,13713,607457,barraky01,P,avail,avail,avail
Matt Beaty,30844,17710,607461,beatyma01,B,avail,avail,avail
Aaron Bummer,31184,16258,607481,bummeaa01,P,ALA,avail,OCS
Kyle Freeland,31040,16256,607536,freelky01,P,ROC,GAP,SIP
Seth Lugo,30433,12447,607625,lugose01,P,RAC,RAH,SSF
John Means,31915,16269,607644,meansjo01,P,VAN,WAW,NB
Kevin Pillar,29150,12434,607680,pillake01,B,CC,avail,avail
Jacob Stallings,30642,13723,607732,stallja01,B,avail,avail,avail
Andrew Vasquez,31593,19482,607755,vasquan02,P,DAY,avail,avail
Drew Rucinski,29340,12499,607968,rucindr01,P,avail,avail,avail
Carlos Estevez,30319,14542,608032,estevca01,P,HIG,MBL,OCS
Jose Ramirez,29175,13510,608070,ramirjo01,B,RAM,FMB,ECB
Alex Bregman,30258,17678,608324,bregmal01,B,DAY,LWC,MVR
Chase De Jong,30940,15036,608328,dejonch01,P,avail,avail,avail
Max Fried,31126,13743,608331,friedma01,P,VAN,STL,SIP
Carson Fulmer,30632,18311,608334,fulmeca01,P,avail,avail,avail
Joey Gallo,29652,14128,608336,gallojo01,B,TB,ANG,SLB
Lucas Giolito,29669,15474,608337,giolilu01,P,GNB,ANG,KR
Cole Irvin,31697,19244,608344,irvinco01,P,HIG,WAW,HOB
Carson Kelly,30399,13620,608348,kellyca02,B,CAM,NYZ,PP
Chris Okey,31637,19245,608360,okeych01,B,avail,avail,avail
Corey Seager,30016,13624,608369,seageco01,B,PR,GAP,NB
Lucas Sims,30034,13470,608371,simslu01,P,DAY,MMA,ECB
Michael Wacha,29058,14078,608379,wachami01,P,GRF,FMB,TT
Jesse Winker,30147,13590,608385,winkeje01,B,CK,avail,avail
German Marquez,30442,15038,608566,marquge01,P,CK,OCG,SR
Tom Murphy,29877,13499,608596,murphto04,B,CC,LWC,CW
J.T. Chargois,30279,13767,608638,chargjt01,P,avail,avail,SSF
Tyler Duffey,29614,13758,608648,duffety01,P,avail,avail,avail
Kendall Graveman,29415,15514,608665,graveke01,P,HAR,STL,avail
Travis Jankowski,29739,13768,608671,jankotr01,B,RAC,GDJ,avail
Dominic Leone,29229,13763,608678,leonedo01,P,HIG,avail,SSF
Rob Refsnyder,29955,13770,608701,refsnro01,B,RAM,TBT,SIP
Matt Reynolds,29965,13788,608703,reynoma03,B,avail,avail,avail
Chris Stratton,30063,13761,608717,stratch01,P,STE,RAH,HOB
Brent Suter,30581,13942,608718,suterbr01,P,ROC,NYZ,WAU
Austin Voth,30120,15047,608723,vothau01,P,avail,avail,avail
Joey Meneses,30795,14366,608841,menesjo01,B,DAY,OCG,CB
Miguel Andujar,30233,15878,609280,andujmi01,B,GRF,avail,avail
Silvino Bracho,30197,15051,611093,brachsi01,P,avail,avail,avail
Miguel Castro,30169,15684,612434,castrmi01,P,GH,ILK,HOB
Austin Adams,30229,13801,613534,adamsau02,P,avail,avail,avail
Jason Vosler,31901,16686,613564,vosleja01,B,avail,avail,avail
Franchy Cordero,30753,14567,614173,cordefr02,B,avail,avail,avail
Franmil Reyes,31881,14566,614177,reyesfr01,B,avail,avail,avail
Jose Ruiz,31152,14552,614179,ruizjo01,P,avail,avail,avail
Cal Quantrill,31618,19312,615698,quantca01,P,RAC,ILK,avail
Luis Torrens,30832,15905,620443,torrelu01,B,avail,avail,avail
Jose G. Castillo,31305,17169,620454,NA,P,avail,avail,avail
Jose Cuas,34279,17701,621016,cuasjo01,P,WHI,WWL,avail
Dansby Swanson,30673,18314,621020,swansda01,B,DV,MBL,CW
Kevin Newman,30821,17696,621028,newmake01,B,CK,WWL,CB
Chris Taylor,29349,13757,621035,tayloch03,B,ALA,TBT,CW
Carlos Correa,29571,14162,621043,correca01,B,PR,ILK,TT
Steven Wilson,33190,20353,621051,wilsost02,P,PR,RAH,KR
Justin Garza,31558,19784,621057,garzaju01,P,avail,avail,avail
Michael Rucker,31731,19454,621074,ruckemi01,P,avail,avail,avail
James Kaprielian,33046,18331,621076,kaprija01,P,BRA,avail,SR
Zach Eflin,29625,13774,621107,eflinza01,P,CC,OBS,MVR
Walker Buehler,31193,19374,621111,NA,P,ALA,avail,ECB
Paul Blackburn,30960,14739,621112,blackpa01,P,RAC,HAM,SR
Lance McCullers Jr.,29832,14120,621121,NA,P,BRA,OBS,PP
Brooks Kriske,32675,21189,621139,kriskbr01,P,avail,avail,avail
Matt Bowman,29513,13528,621199,bowmama01,P,avail,avail,avail
Alec Mills,30467,13834,621219,millsal02,P,avail,avail,avail
Jose Alvarado,31141,17780,621237,alvarjo03,P,HIG,GDJ,SIP
Edwin Diaz,30307,14710,621242,diazed04,P,CK,WAW,TT
Jose Berrios,29490,14168,621244,berrijo01,P,RAM,BAB,TT
Duane Underwood,31028,14677,621249,underdu01,P,avail,avail,CB
Ben Heller,30663,15100,621294,hellebe01,P,avail,avail,avail
Nick Wittgren,30152,15594,621295,wittgni01,P,avail,avail,avail
David Dahl,29586,13744,621311,dahlda01,B,avail,avail,avail
A.J. Minter,31177,18655,621345,minteaj01,P,HOM,GAP,KR
Colin Poche,31739,19403,621363,pocheco01,P,GNB,ILK,ECB
Ryan Borucki,31108,16350,621366,borucry01,P,ROC,GAP,KR
Taylor Hearn,31546,18325,621368,hearnta01,P,avail,avail,avail
Matt Strahm,30575,13799,621381,strahma01,P,RM,HAM,TBD
Tanner Banks,32305,16990,621383,banksta01,P,TB,NYZ,avail
Ty Blach,29499,14361,621389,blachty01,P,HIG,avail,avail
Brett Phillips,29928,14735,621433,phillbr02,B,avail,avail,avail
Tyrone Taylor,30076,13675,621438,tayloty01,B,DV,GDJ,OCS
Byron Buxton,29536,14161,621439,buxtoby01,B,RAM,LWC,SLB
Edwin Rios,30745,18316,621458,riosed01,B,avail,avail,avail
DJ Stewart,30725,17766,621466,stewadj01,B,CK,TBT,WAU
Taylor Ward,30884,17548,621493,wardta01,B,STE,BAB,VM
Tomas Nido,30888,13755,621512,nidoto01,B,avail,avail,avail
Anthony Bemboom,31785,13854,621532,bemboan01,B,avail,avail,avail
Zach Remillard,33230,19788,621545,remilza01,B,RAM,avail,avail
Patrick Wisdom,30149,13602,621550,wisdopa01,B,CAM,HAM,WAU
Joey Wendle,30131,13853,621563,wendljo01,B,avail,avail,avail
Matt Olson,29909,14344,621566,olsonma02,B,CK,NYZ,SIP
Alex Young,31502,18333,622065,youngal01,P,STE,GAP,avail
Alex Wood,29062,13781,622072,woodal02,P,RM,STL,SR
Yency Almonte,30914,15068,622075,almonye01,P,CAM,MMA,avail
Tejay Antone,31297,16233,622088,antonte01,P,CK,avail,avail
Drew Smith,31524,17755,622098,smithdr01,P,RAC,avail,TT
Gerardo Reyes,31440,16306,622103,reyesge01,P,avail,avail,avail
Matt M. Duffy,29357,13836,622110,duffyma01,B,avail,avail,avail
Josh Sborz,30969,18323,622250,sborzjo01,P,WHI,HAM,IR
Josh Staumont,30945,18335,622251,staumjo01,P,avail,avail,avail
Trey Wingenter,31580,17793,622259,wingetr01,P,avail,avail,avail
Luis Castillo,30972,15689,622491,castilu02,P,CC,RAH,ECB
Nabil Crismatt,31286,17732,622503,crismna01,P,avail,avail,avail
Manuel Margot,29811,14712,622534,margoma01,B,TB,OBS,PP
Seranthony Dominguez,31287,19249,622554,dominse01,P,VAN,LWC,VM
Pablo Reyes,31990,16357,622569,reyespa01,B,CC,FMB,CB
Antonio Senzatela,30559,15488,622608,senzaan01,P,avail,avail,avail
Luis Severino,30022,15890,622663,severlu01,P,DV,HAM,TBD
Johan Camargo,30269,14950,622666,camarjo01,B,avail,avail,avail
Jorge Mateo,30798,17273,622761,mateojo01,B,RAM,ANG,SR
Miguel Diaz,31063,18815,622766,diazmi02,P,avail,avail,avail
Jimmy Cordero,30288,15690,622772,cordeji01,P,GNB,avail,avail
Angel Perdomo,31293,17759,622780,perdoan01,P,DAY,avail,avail
Paul Sewald,30560,13892,623149,sewalpa01,P,GNB,ILK,PP
Chris Flexen,30979,13896,623167,flexech01,P,STE,OBS,PP
Tyler Heineman,29711,13897,623168,heinety01,B,avail,avail,avail
Andrew Velazquez,30113,14196,623205,velazan01,B,avail,avail,avail
Huascar Brazoban,31888,6107,623211,brazohu01,P,GRF,avail,avail
Josh Hader,29693,14212,623352,haderjo01,P,CAM,TBT,KR
Thomas Pannone,31300,17281,623381,pannoth01,P,avail,avail,avail
Nick Anderson,31299,18337,623433,anderni01,P,ROC,TBT,avail
Justin Topa,32694,15145,623437,topaju01,P,STE,SEA,NB
Jackson Stephens,30915,14420,623451,stephja01,P,avail,avail,avail
Evan Phillips,31582,17734,623465,phillev01,P,GRF,WAW,SIP
Jimmy Herget,31550,17556,623474,hergeji01,P,avail,avail,avail
Josh Lester,32528,17737,623507,lestejo02,B,avail,avail,avail
Harold Ramirez,30521,14387,623912,ramirha02,B,RAC,GAP,WAU
Anthony Santander,30685,14551,623993,santaan02,B,WHI,NYZ,VM
Ranger Suarez,31301,17277,624133,suarera01,P,DAY,FMB,OCS
Pete Alonso,31651,19251,624413,alonspe01,B,HOM,WWL,TBD
Christian Arroyo,30236,16434,624414,arroych01,B,WHI,avail,avail
Cavan Biggio,31815,19252,624415,biggica01,B,GNB,WWL,VM
Michael Conforto,30199,16376,624424,confomi01,B,GH,WAW,SB
Adam Frazier,30331,15223,624428,fraziad01,B,CC,JFS,SR
Jose Trevino,30808,16725,624431,trevijo01,B,STE,WWL,avail
Nick Gordon,30857,16337,624503,gordoni01,B,RAM,avail,avail
Reese McGuire,30458,15674,624512,mcguire01,B,STE,RAH,WC
Keegan Thompson,32235,19795,624522,thompke02,P,ROC,WWL,avail
Jorge Soler,29378,14221,624585,solerjo01,B,HOM,FMB,MVR
Edmundo Sosa,30743,17022,624641,sosaed01,B,STE,ANG,OCS
Victor Gonzalez,32699,16408,624647,gonzavi02,P,PR,avail,avail
Reynaldo Lopez,30666,16400,625643,lopezre01,P,PR,WAW,CW
Kenta Maeda,30434,18498,628317,maedake01,P,CAM,FMB,HOB
Andy Ibanez,30683,18819,628451,ibanean01,B,RAC,GAP,TT
Raisel Iglesias,29735,17130,628452,iglesra01,P,DAY,SEA,IR
Yunior Marte,32398,14416,628708,marteyu01,P,avail,avail,avail
Julio Urias,30104,14765,628711,uriasju01,P,ALA,WWL,ECB
Yonny Chirinos,31309,16401,630023,chiriyo01,P,BRA,avail,PP
Jake Cronenworth,31892,18036,630105,croneja01,B,DAY,SEA,WC
Wil Crowe,32230,19800,640444,crowewi01,P,avail,avail,avail
Kyle Finnegan,30993,15009,640448,finneky01,P,HIG,MBL,SSF
Clint Frazier,29648,15983,640449,frazicl01,B,avail,avail,avail
Hunter Harvey,29703,15507,640451,harvehu01,P,RAM,ILK,TBD
Matt Krook,31691,19315,640454,krookma01,P,avail,avail,avail
Sean Manaea,29807,15873,640455,manaese01,P,CAM,TBT,NB
Austin Meadows,30462,15672,640457,meadoau01,B,avail,avail,avail
Oscar Mercado,31988,16375,640458,mercaos01,B,avail,LWC,avail
A.J. Puk,31617,19343,640462,pukaj01,P,GH,BAB,KR
Adbert Alzolay,31310,17859,640470,alzolad01,P,ROC,OCG,WC
Jose Azocar,31308,18821,640492,azocajo01,B,CK,SEA,avail
Wes Parsons,32051,14764,641149,parsowe01,P,avail,avail,avail
Pablo Lopez,31989,17085,641154,lopezpa01,P,HOM,TBT,WC
Tyler Alexander,31027,17735,641302,alexaty01,P,RAC,GDJ,avail
Tim Anderson,29459,15172,641313,anderti01,B,HIG,HAM,SSF
Bryan Baker,32707,19804,641329,bakerbr01,P,DV,NYZ,CW
Jake Bauers,29482,15194,641343,bauerja01,B,TB,avail,avail
Cody Bellinger,30247,15998,641355,bellico01,B,HOM,MMA,TBD
Phil Bickford,31489,18519,641360,bickfph01,P,HIG,avail,avail
Connor Brogdon,32711,21205,641401,brogdco01,P,avail,GAP,avail
Zack Burdi,31037,19159,641420,burdiza01,P,avail,avail,avail
Alan Busenitz,31031,15239,641427,busenal01,P,avail,avail,avail
Willie Calhoun,30268,17838,641432,calhowi01,B,avail,avail,avail
Daniel Castano,32712,19805,641447,castada01,P,avail,avail,avail
Zack Collins,31619,19181,641470,colliza01,B,avail,avail,avail
Nestor Cortes,31357,17874,641482,cortene01,P,GNB,RAH,CW
J.P. Crawford,29578,15491,641487,crawfjp01,B,HOM,NYZ,MVR
Jonathan Davis,31919,15104,641505,davisjo05,B,avail,avail,avail
Jason Delay,32496,19806,641511,delayja01,B,BRA,GAP,SIP
Brandon Dixon,30696,15214,641525,dixonbr01,B,avail,avail,avail
Hunter Dozier,29611,15117,641531,doziehu01,B,avail,avail,avail
Dane Dunning,31630,19409,641540,dunnida01,P,GNB,OBS,SSF
Adam Engel,30316,15082,641553,engelad01,B,avail,avail,avail
Jake Fraley,32202,19260,641584,fraleja01,B,RAM,OCG,SSF
J.P. France,33504,21212,641585,francjp01,P,CAM,JFS,OCS
Mitch Garver,30855,15161,641598,garvemi01,B,GRF,FMB,TT
Trevor Gott,30194,15046,641627,gotttr01,P,PR,avail,SIP
Luis Guillorme,30829,16451,641645,guilllu01,B,avail,avail,avail
Ian Hamilton,31729,19261,641656,hamilia01,P,DV,NYZ,ECB
Garrett Hampson,31662,19262,641658,hampsga01,B,DV,LWC,NB
Thomas Hatch,31674,19264,641672,hatchto01,P,avail,avail,avail
Jonah Heim,31340,16930,641680,heimjo01,B,GRF,GAP,SIP
Brent Honeywell,30950,16466,641703,honeybr01,P,avail,avail,avail
Dakota Hudson,31632,19206,641712,hudsoda02,P,ALA,avail,MVR
Joe Jimenez,30385,15761,641729,jimenjo02,P,RAC,BAB,OCS
Anthony Kay,32193,20387,641743,kayan01,P,avail,avail,avail
Brad Keller,30943,15734,641745,kellebr01,P,avail,avail,avail
Tyler Kinley,31122,18297,641755,kinlety01,P,avail,avail,avail
Chad Kuhl,30410,14975,641771,kuhlch01,P,avail,avail,avail
Eric Lauer,31628,19316,641778,lauerer01,P,avail,avail,avail
Kyle Lewis,31947,19508,641786,lewisky01,B,avail,avail,avail
Zack Littell,31343,15823,641793,litteza01,P,PR,STL,SIP
Tim Locastro,30885,15124,641796,locasti01,B,avail,avail,avail
Tyler Mahle,30918,16358,641816,mahlety01,P,GRF,WWL,CW
Trey Mancini,30437,15149,641820,mancitr01,B,avail,avail,CB
Tim Mayza,31212,15042,641835,mayzati01,P,CAM,RAH,CB
Billy McKinney,29836,15654,641856,mckinbi01,B,avail,avail,avail
Ryan McMahon,30459,15112,641857,mcmahry01,B,CAM,ILK,KR
Keynan Middleton,31066,15264,641871,middlke01,P,VAN,ILK,TBD
Bailey Ober,32943,21224,641927,oberba01,P,GNB,MMA,NB
Tyler O'Neill,30489,15711,641933,oneilty01,B,BRA,HAM,PP
Emilio Pagan,31061,14771,641941,paganem01,P,ROC,GAP,SSF
Joshua Palacios,31694,19818,641943,palacjo01,B,HAL,avail,avail
Tayler Saucedo,32726,17888,642048,sauceta01,P,DV,avail,IR
Dominic Smith,30041,15653,642086,smithdo02,B,GH,FMB,SR
Gabe Speier,31882,17170,642100,speiega01,P,HAL,MBL,NB
Cole Sulser,31016,15256,642121,sulseco01,P,avail,avail,avail
Rowdy Tellez,30587,15679,642133,tellero01,B,avail,MMA,CB
Matt Thaiss,31620,19318,642136,thaisma01,B,HAL,JFS,CW
Cody Thomas,31736,19828,642137,thomaco01,B,avail,avail,avail
Tyler Wade,30605,15730,642180,wadety01,B,avail,avail,avail
Eli White,32605,19346,642201,whiteel04,B,avail,avail,avail
Devin Williams,31336,15816,642207,willide03,P,RAM,WAW,HOB
Weston Wilson,32607,19358,642215,wilsowe01,B,avail,avail,avail
Allan Winans,33512,21238,642216,winanal01,P,avail,avail,avail
Jimmy Yacabonis,31070,15157,642231,yacabji01,P,avail,avail,avail
Ryan Yarbrough,31092,16502,642232,yarbrry01,P,HAL,LWC,SSF
Rob Zastryzny,30624,15094,642239,zastrro01,P,avail,avail,avail
Francisco Mejia,30754,16403,642336,mejiafr01,B,CK,HAM,SB
Jose Siri,31315,17452,642350,sirijo01,B,STE,SEA,VM
Gregory Soto,31317,19677,642397,sotogr01,P,HIG,NYZ,VM
Jonathan Loaisiga,32069,19753,642528,loaisjo01,P,PR,avail,avail
Jaime Barria,31320,18356,642545,barrija01,P,GH,avail,CB
Jonathan Hernandez,31321,17464,642546,hernajo02,P,STE,avail,avail
Freddy Peralta,31322,18679,642547,peralfr01,P,GRF,HAM,SSF
Jose D. Rodriguez,32623,17860,642578,rodrijo09,P,avail,avail,avail
Felix Bautista,33475,20666,642585,bautife01,P,CAM,MMA,CW
Dennis Santana,31329,17878,642701,santade01,P,avail,avail,avail
Amed Rosario,30548,15518,642708,rosaram01,B,CAM,SEA,VM
Willy Adames,29441,15986,642715,adamewi01,B,ROC,ANG,CB
Thairo Estrada,31359,16426,642731,estrath01,B,SV,TBT,PP
Domingo Acevedo,31360,17092,642758,acevedo01,P,avail,avail,avail
Javy Guerra,30785,17292,642770,guerrja02,P,avail,avail,avail
Austin Wynns,30689,15271,642851,wynnsau01,B,avail,avail,avail
Andrew Benintendi,30656,17901,643217,beninan01,B,GH,MBL,CB
Adam Cimber,31764,15288,643256,cimbead01,P,avail,avail,avail
Garrett Cooper,30756,15279,643265,coopega03,B,RAM,GAP,SSF
Mauricio Dubon,30312,16530,643289,dubonma01,B,RAC,STL,SSF
Chad Green,30634,15552,643338,greench03,P,VAN,avail,avail
Caleb Hamilton,32741,19842,643348,hamilca01,B,avail,avail,avail
Kevin Herget,31054,15369,643361,hergeke01,P,avail,avail,avail
Danny Jansen,31350,16535,643376,janseda01,B,ALA,TBT,OCS
Griffin Jax,32742,20253,643377,jaxgr01,P,CAM,MMA,ECB
Tony Kemp,29761,14894,643393,kempto01,B,ROC,TBT,SIP
Isiah Kiner-Falefa,31341,16512,643396,kineris01,B,GRF,JFS,SSF
Mark Leiter,30959,15551,643410,leitema02,P,RAM,HAM,HOB
Jeff McNeil,30460,15362,643446,mcneije01,B,DAY,GAP,KR
Austin Pruitt,30517,15290,643493,pruitau01,P,CC,GAP,avail
Tyler Rogers,31030,15541,643511,rogerty01,P,GNB,GAP,IR
Mike Tauchman,30586,15274,643565,tauchmi01,B,CAM,RAH,SSF
Yu Chang,30902,14773,644374,changyu01,B,avail,OBS,SB
Chadwick Tromp,31816,16953,644433,trompch01,B,avail,avail,avail
Sandy Alcantara,31190,18684,645261,alcansa01,P,PR,BAB,WC
Ozzie Albies,30863,16556,645277,albieoz01,B,GNB,HAM,OCS
Victor Robles,31220,18363,645302,roblevi01,B,PR,RAH,VM
Jose Herrera,32104,17040,645444,herrejo04,B,RAM,avail,PP
Mike Ford,30854,15585,645801,fordmi01,B,DV,ILK,CW
Rafael Devers,30305,17350,646240,deverra01,B,ALA,SEA,TBD
Enmanuel De Jesus,33520,18554,646241,dejesen01,P,avail,avail,avail
Jhonathan Diaz,33356,20298,646242,diazjh01,P,avail,avail,avail
Josh Naylor,30811,18839,647304,naylojo01,B,SV,BAB,HOB
Zach Pop,32420,20185,647315,popza01,P,avail,avail,avail
Michael Soroka,31492,18383,647336,sorokmi01,P,ALA,BAB,SLB
Abraham Toro,32602,19844,647351,toroab01,B,SV,avail,avail
Aledmys Diaz,29601,15937,649557,diazal02,B,BRA,LWC,TT
Luis Urias,30833,16622,649966,uriaslu01,B,CK,OBS,avail
Luis Arraez,31373,18568,650333,arraelu01,B,GRF,TBT,IR
Eloy Jimenez,31366,17484,650391,jimenel02,B,BRA,NYZ,MVR
Gleyber Torres,30592,16997,650402,torregl01,B,BRA,MMA,TBD
Willi Castro,31369,17338,650489,castrwi01,B,VAN,ILK,CW
Yandy Diaz,30308,16578,650490,diazya01,B,ALA,GDJ,SB
J.C. Mejia,32403,20617,650496,mejiaje02,P,avail,avail,avail
Bryan Abreu,32299,16609,650556,abreubr01,P,PR,ANG,IR
Bryan De La Cruz,32746,19600,650559,delacbr01,B,STE,ANG,NB
Meibrys Viloria,31442,17109,650619,vilorme01,B,avail,avail,avail
Michael King,31732,19853,650633,kingmi01,P,STE,STL,CW
Aaron Civale,31669,19479,650644,civalaa01,P,ROC,OBS,SB
Jose Quijada,31376,19200,650671,quijajo01,P,avail,avail,avail
Luis Rengifo,32297,19858,650859,rengilu01,B,GRF,WWL,NB
Genesis Cabrera,31382,17490,650893,cabrege01,P,HIG,avail,WC
Diego Castillo,31383,17496,650895,castidi01,P,avail,avail,avail
Rene Pinto,32751,19859,650907,pintore02,B,VAN,OCG,CB
Cristopher Sanchez,32991,20778,650911,sanchcr01,P,STE,HAM,HOB
Daniel Duarte,33477,17480,650960,duartda01,P,avail,avail,avail
Andruw Monasterio,32753,19455,655316,monasan01,B,HOM,MBL,SSF
Carlos Perez,33529,20805,656024,perezca03,B,avail,avail,avail
Albert Abreu,31385,17485,656061,abreual01,P,avail,avail,avail
Riley Adams,32114,19864,656180,adamsri03,B,CC,MBL,NB
Greg Allen,30761,16623,656185,allengr01,B,avail,avail,avail
Jalen Beeks,31014,17192,656222,beeksja02,P,avail,NYZ,avail
Brandon Bielak,32313,19866,656232,bielabr01,P,RAC,MBL,avail
Jake Bird,33532,21267,656234,birdja01,P,HIG,SEA,SIP
Sean Bouchard,33413,21270,656248,bouchse01,B,STE,avail,avail
Jeff Brigham,32073,16631,656257,brighje01,P,avail,avail,avail
J.B. Bukauskas,32115,20491,656266,bukaujb01,P,avail,avail,avail
Brock Burke,32116,17968,656271,burkebr01,P,WHI,FMB,avail
Griffin Canning,32117,19867,656288,cannigr01,P,CC,SEA,HOB
Drew Carlton,32756,19868,656290,carltdr01,P,ROC,avail,avail
Dylan Cease,31395,18525,656302,ceasedy01,P,VAN,OCG,VM
Matt Chapman,30278,16505,656305,chapmma01,B,ROC,OCG,SIP
Michael Chavis,31396,17321,656308,chavimi01,B,avail,avail,CB
Sam Coonrod,30954,17264,656322,coonrsa01,P,avail,avail,avail
Tucker Davidson,32758,19871,656353,davidtu01,P,avail,avail,avail
Isan Diaz,31400,17922,656371,diazis01,B,avail,avail,avail
Tommy Doyle,33245,21281,656382,doyleto01,P,avail,avail,avail
Drew Ellis,32278,19873,656403,ellisdr01,B,avail,avail,avail
Alex Faedo,32120,19874,656412,faedoal01,P,RAM,ILK,WC
Stuart Fairchild,32121,20321,656413,faircst01,B,DAY,LWC,avail
Jack Flaherty,31199,17479,656427,flaheja01,P,TB,MMA,VM
Stone Garrett,31401,19273,656448,garrest01,B,WHI,JFS,WAU
Tyler Gilbert,32349,17964,656457,gilbety01,P,avail,avail,avail
Kevin Ginkel,32350,19876,656464,ginkeke01,P,GRF,RAH,TBD
Tristan Gray,32122,19877,656484,graytr01,B,avail,avail,avail
Dalton Guthrie,33542,21293,656495,guthrda01,B,avail,avail,avail
Adam Haseley,32267,19878,656514,haselad01,B,avail,avail,avail
Sam Hentges,32363,18548,656529,hentgsa01,P,BRA,NYZ,SR
Derek Hill,31405,16947,656537,hillde01,B,avail,avail,avail
Sam Hilliard,32015,17954,656541,hillisa01,B,avail,avail,avail
Jeff Hoffman,30376,17432,656546,hoffmje02,P,CC,NYZ,TT
Rhys Hoskins,30870,16472,656555,NA,B,BRA,ANG,avail
Tanner Houck,32124,19879,656557,houckta01,P,ROC,ANG,IR
Andre Jackson,33252,21298,656578,jacksan01,P,TB,OBS,TT
Connor Joe,32125,16572,656582,joeco01,B,DV,TBT,SIP
Mitch Keller,31409,17594,656605,kellemi03,P,SV,ANG,MVR
Michael Kopech,30911,17282,656629,kopecmi01,P,BRA,GDJ,TBD
Alex Lange,32275,19883,656638,langeal01,P,RM,OBS,OCS
Jake Latz,33457,21306,656641,latzja01,P,avail,avail,avail
Zach Logue,32764,20231,656657,logueza01,P,avail,avail,avail
Jordan Luplow,31181,16424,656669,luplojo01,B,avail,avail,avail
Zach McKinstry,32547,19392,656716,mckinza01,B,HAL,LWC,WC
Trevor Megill,32402,17722,656730,megiltr01,P,RM,OBS,avail
Tylor Megill,33212,21318,656731,megilty01,P,DAY,NYZ,PP
Jordan Montgomery,31022,16511,656756,montgjo01,P,RM,WWL,WAU
Cedric Mullins,31574,17929,656775,mullice01,B,CAM,WAW,IR
Parker Mushinski,33494,21324,656786,mushipa01,P,avail,avail,avail
Nick Nelson,31692,20153,656793,nelsoni01,P,avail,avail,avail
Sean Newcomb,30484,16943,656794,newcose01,P,STE,avail,avail
Ryan O'Hearn,30488,16442,656811,ohearry01,B,RAM,ILK,TT
Luis F. Ortiz,31004,16942,656814,ortizlu02,P,avail,avail,avail
Connor Overton,32766,18376,656818,overtco01,P,avail,avail,avail
Nicholas Padilla,34289,21327,656820,padilni01,P,avail,avail,avail
Kevin Padlo,31417,16593,656821,padloke01,B,avail,avail,avail
David Peterson,32129,20302,656849,peterda01,P,HAL,OCG,CB
Drew Rasmussen,32768,25385,656876,rasmudr01,P,SV,WWL,OCS
Sean Reid-Foley,30976,17034,656887,reidfse01,P,avail,avail,avail
Emmanuel Rivera,32575,19890,656896,riverem01,B,GH,JFS,avail
Ryder Ryan,32233,19891,656924,ryanry01,P,avail,avail,avail
Kyle Schwarber,30013,16478,656941,schwaky01,B,HAR,RAH,VM
Tanner Scott,31163,17586,656945,scottta01,P,HOM,SEA,KR
Devin Smeltzer,31705,19487,656970,smeltde01,P,avail,avail,PP
Pavin Smith,32130,19892,656976,smithpa04,B,avail,avail,OCS
Peter Solomon,32131,20476,656981,solompe01,P,avail,avail,avail
Bennett Sousa,32945,21345,656986,sousabe01,P,avail,avail,avail
Justin Steele,31421,17312,657006,steelju01,P,CK,JFS,SSF
Erik Swanson,31423,16587,657024,swanser01,P,HAR,HAM,NB
Josh Taylor,31025,17359,657031,taylojo02,P,avail,avail,avail
Lane Thomas,32134,16939,657041,thomala02,B,SV,ANG,CW
Ryan Thompson,32012,16647,657044,thompry02,P,HIG,avail,avail
Touki Toussaint,31424,16929,657053,toussto01,P,RAC,MBL,TBD
Cole Tucker,31425,17326,657061,tuckeco01,B,avail,avail,avail
Alex Verdugo,30603,17027,657077,verdual01,B,PR,MBL,TBD
Forrest Wall,30752,16496,657088,wallfo01,B,avail,avail,avail
Spenser Watkins,32464,17489,657093,watkisp01,P,avail,avail,avail
Jacob Webb,31427,19274,657097,webbja01,P,TB,ILK,avail
Connor Wong,32609,19896,657136,wongco01,B,SV,OBS,VM
Kyle Wright,32079,19665,657140,wrighky01,P,DV,LWC,avail
Julian Merryweather,31433,16703,657240,merryju01,P,STE,HAM,TT
Brian O'Keefe,32773,16680,657247,okeefbr01,B,avail,avail,avail
Glenn Otto,33459,21366,657248,ottogl01,P,avail,avail,avail
Peter Strzelecki,33565,21367,657265,strzepe01,P,GNB,WWL,avail
Erich Uelmen,32291,20323,657272,uelmeer01,P,avail,avail,avail
Logan Webb,32135,17995,657277,webblo01,P,SV,ILK,SSF
Clarke Schmidt,32976,19899,657376,schmicl01,P,RM,WWL,TBD
Matt Gage,31964,17381,657424,gagema01,P,avail,avail,avail
Mike Baumann,32136,20206,657508,baumami01,P,GNB,WWL,avail
Brennan Bernardino,32775,16835,657514,bernabr01,P,GRF,avail,avail
Paul DeJong,30864,18015,657557,dejonpa01,B,RM,LWC,SR
Caleb Ferguson,31435,19349,657571,ferguca01,P,VAN,OBS,SIP
Reed Garrett,32345,16866,657585,garrere01,P,avail,avail,avail
Tim Hill,32032,16814,657612,hillti01,P,avail,avail,avail
Ramon Laureano,30868,17128,657656,laurera01,B,HAR,NYZ,SLB
Vinny Nittoli,32784,16754,657697,nittovi01,P,avail,avail,avail
Joe Ryan,33065,21390,657746,ryanjo04,P,HAL,OCG,OCS
Connor Seabold,32138,19695,657756,seaboco01,P,RM,avail,avail
Gavin Sheets,32139,19901,657757,sheetga01,B,BRA,avail,SB
Pedro Avila,32157,18864,658648,avilape01,P,HAR,NYZ,SSF
Edward Olivares,31451,19698,658668,olivaed02,B,WHI,FMB,OCS
Dinelson Lamet,30923,17186,659275,lametdi01,P,avail,avail,avail
Yoan Moncada,29857,17232,660162,moncayo01,B,CAM,MBL,TBD
Shintaro Fujinami,34304,31839,660261,fujinsh01,P,HAL,avail,avail
Shohei Ohtani,31236,19755,660271,ohtansh01,B,HIG,WWL,TT
Shohei Ohtani,31236,19755,660271,ohtansh01,P,HIG,WWL,TT
Denyi Reyes,32144,20526,660593,reyesde02,P,avail,avail,avail
Jonathan Arauz,32473,20275,660620,arauzjo01,B,avail,avail,avail
Huascar Ynoa,32145,20468,660623,NA,P,avail,avail,avail
Yonny Hernandez,32511,19432,660634,hernayo02,B,avail,avail,avail
Diego Castillo,31473,19906,660636,castidi02,B,avail,avail,avail
Vidal Brujan,33214,20536,660644,brujavi01,B,RM,LWC,avail
Ronald Acuna Jr.,31599,18401,660670,acunaro01,B,PR,RAH,MVR
Keibert Ruiz,31474,19610,660688,ruizke01,B,PR,TBT,CB
Elehuris Montero,32555,20543,660707,monteel01,B,TB,MBL,avail
Elvin Rodriguez,33474,20962,660730,rodriel02,P,avail,avail,avail
Oscar Gonzalez,33141,20970,660757,gonzaos01,B,CAM,avail,SB
Jose Suarez,32143,19911,660761,suarejo01,P,avail,avail,SIP
Juan Yepez,31472,18400,660766,yepezju01,B,BRA,avail,avail
Yerry De Los Santos,33584,21420,660787,delosye01,P,RAC,avail,CB
Brusdar Graterol,32162,20367,660813,gratebr01,P,CK,JFS,MVR
Jesus Sanchez,31477,19913,660821,sanchje02,B,SV,ANG,MVR
Eduard Bazardo,33011,20997,660825,bazared01,P,avail,avail,avail
Enyel De Los Santos,30990,18403,660853,delosen01,P,HOM,RAH,SB
Jorge Alcala,31467,19459,660896,alcaljo01,P,avail,avail,avail
Francisco Perez,33454,21018,660906,perezfr01,P,avail,avail,avail
Adrian Martinez,33588,21023,661309,martiad01,P,avail,avail,avail
Oliver Ortega,33140,21025,661383,ortegol01,P,avail,avail,avail
William Contreras,32149,20503,661388,contrwi02,B,HOM,BAB,KR
Jhoan Duran,32152,21029,661395,duranjh01,P,HAL,BAB,WAU
Emmanuel Clase,32619,21032,661403,claseem01,P,GRF,NYZ,KR
Mauricio Llovera,31462,20080,661440,llovema01,P,avail,avail,avail
Seth Martinez,33179,21045,661527,martise01,P,avail,avail,avail
Brian Serven,32594,19422,661531,servebr01,B,ALA,avail,avail
Luis Gil,33526,21052,661563,NA,P,avail,avail,avail
Daulton Varsho,32249,19918,662139,varshda01,B,GRF,MMA,MVR
Andres Munoz,32411,20373,662253,munozan01,P,RAM,TBT,NB
Robert Suarez,33491,30115,663158,suarero01,P,DAY,STL,avail
Nick Hernandez,33257,19281,663321,hernani01,P,avail,avail,avail
Jahmai Jones,31514,18872,663330,jonesja08,B,avail,avail,avail
Matt Waldron,33594,25550,663362,waldrma01,P,STE,avail,avail
Blake Perkins,31513,19921,663368,perkibl01,B,STE,avail,avail
Ryan Feltner,33464,21446,663372,feltnry01,P,HIG,avail,avail
Chad Smith,32970,20190,663385,smithch12,P,avail,avail,avail
Trent Thornton,31541,17948,663423,thorntr01,P,STE,avail,avail
Tanner Rainey,31515,17610,663432,raineta01,P,avail,avail,avail
Konnor Pilkington,33480,21453,663455,pilkiko01,P,avail,avail,avail
Lars Nootbaar,33099,21454,663457,nootbla01,B,GNB,STL,SLB
Kris Bubic,33234,21455,663460,bubickr01,P,RM,ANG,avail
Isaiah Campbell,34946,25551,663462,campbis01,P,RAC,avail,CB
Kolby Allard,31486,18694,663465,allarko01,P,ALA,avail,avail
Triston McKenzie,31501,18000,663474,mckentr01,P,PR,TBT,SB
Cole Sands,33324,21461,663485,sandsco01,P,avail,avail,avail
Tyler Nevin,31498,17893,663527,nevinty01,B,CC,avail,avail
Nico Hoerner,32626,21479,663538,hoernni01,B,CK,MMA,IR
Bryan Hudson,31519,19924,663542,hudsobr01,P,HOM,avail,avail
Sean Hjelle,33177,21481,663546,hjellse01,P,avail,avail,avail
Trey Cabbage,32166,21078,663550,cabbatr01,B,avail,JFS,avail
Casey Mize,32792,20492,663554,NA,P,avail,SEA,TT
Shane McClanahan,33180,21483,663556,mcclash01,P,TB,BAB,CW
Jovani Moran,32171,20422,663558,moranjo01,P,TB,avail,avail
Bailey Falter,32793,20070,663559,falteba01,P,ALA,GAP,avail
Noah Davis,33611,25862,663562,davisno01,P,avail,avail,avail
Peter Lambert,31503,17969,663567,lambepe01,P,ALA,avail,avail
Tony Santillan,31505,19926,663574,santito01,P,avail,avail,avail
Austin Riley,31500,18360,663586,rileyau01,B,VAN,BAB,VM
Luken Baker,33111,21497,663609,bakerlu01,B,avail,avail,avail
Nick Madrigal,32537,20521,663611,madrini01,B,CK,STL,SIP
Trevor Larnach,33198,21501,663616,larnatr01,B,VAN,TBT,avail
Jake Irvin,33350,21504,663623,irvinja01,P,HIG,MBL,avail
Ryan Mountcastle,31496,18373,663624,mountry01,B,PR,SEA,WAU
Ethan Small,33618,26364,663629,smallet01,P,RAM,avail,avail
Ryan McKenna,31537,19928,663630,mckenry01,B,RAC,avail,avail
Ke'Bryan Hayes,31494,18577,663647,hayeske01,B,SV,HAM,CB
Kyle Tucker,30824,18345,663656,tuckeky01,B,DV,MMA,SIP
Thaddeus Ward,34311,21513,663658,wardth01,P,avail,avail,avail
Hogan Harris,34941,21520,663687,harriho03,P,avail,avail,avail
Jonathan India,33075,21523,663697,indiajo01,B,HIG,ILK,HOB
Joey Bart,33066,21524,663698,bartjo01,B,RM,avail,TBD
James McArthur,33622,21527,663704,mcartja01,P,VAN,avail,avail
Cal Raleigh,32961,21534,663728,raleica01,B,WHI,MBL,SR
Connor Kaiser,33624,21535,663731,kaiseco01,B,avail,avail,avail
Daniel Lynch,33328,21537,663738,lynchda02,P,PR,WWL,avail
Nick Fortes,33134,21538,663743,forteni01,B,RM,SEA,OCS
Cody Morris,33481,25388,663752,morrico01,P,avail,avail,PP
Reiss Knehr,33448,21541,663753,knehrre01,P,avail,avail,avail
Trent Grisham,31487,18564,663757,grishtr01,B,HAL,RAH,PP
Jake Woodford,31499,18674,663765,woodfja01,P,avail,avail,ECB
Bryan Hoeing,34288,26304,663773,hoeinbr01,P,HAL,avail,avail
Patrick Sandoval,32438,19447,663776,sandopa02,P,SV,LWC,OCS
Coco Montes,33627,21547,663796,monteco01,B,avail,avail,avail
Jackson Kowar,32795,21549,663804,kowarja01,P,avail,avail,avail
Matt Vierling,33443,21558,663837,vierlma01,B,RAC,STL,OCS
Alfonso Rivas,32928,21560,663845,rivasal01,B,CC,avail,avail
Romy Gonzalez,33463,21562,663853,gonzaro01,B,avail,avail,avail
Jordan Hicks,31527,19618,663855,hicksjo03,P,BRA,BAB,MVR
Nate Pearson,32796,20160,663878,pearsna01,P,CK,avail,WC
Tyler Stephenson,31484,17988,663886,stephty01,B,SV,OCG,ECB
Luke Williams,32797,19931,663897,willilu01,B,avail,avail,avail
Brendan Rodgers,31481,17907,663898,rodgebr02,B,DV,RAH,PP
Brady Singer,32798,25377,663903,singebr01,P,STE,LWC,SSF
Travis Blankenhorn,31518,18395,663905,blanktr01,B,avail,avail,avail
Tristan Beck,33425,21584,663941,becktr01,P,DV,TBT,SIP
Tyler Holton,33642,26231,663947,holtoty01,P,CC,HAM,KR
Cesar Salazar,33643,21587,663967,salazce01,B,avail,avail,avail
Blair Calvo,34817,25416,663971,calvobl01,P,avail,avail,avail
Chris Paddack,32172,20099,663978,paddach01,P,HAL,BAB,KR
Trevor Stephan,32227,19932,663986,stephtr01,P,WHI,BAB,SB
Nick Vespi,33647,21093,663989,vespini01,P,avail,avail,avail
Richard Lovelady,31725,19337,663992,lovelri01,P,ROC,avail,avail
Nathaniel Lowe,31735,19566,663993,lowena01,B,HAR,LWC,VM
Ian Happ,30768,17919,664023,happia01,B,ALA,STL,IR
Brett Kennedy,31805,17877,664028,kennebr02,P,avail,avail,avail
Mark Mathias,30839,18032,664029,mathima01,B,avail,avail,avail
Ty France,30890,17982,664034,francty01,B,HAL,WAW,IR
Brandon Lowe,31521,18882,664040,lowebr01,B,ALA,SEA,WAU
Harrison Bader,30764,18030,664056,baderha01,B,WHI,WWL,PP
Andrew Stevenson,30682,17932,664057,stevean01,B,avail,avail,avail
David Fletcher,30728,17992,664058,fletcda02,B,avail,avail,avail
Sam Haggerty,32509,18054,664059,haggesa01,B,DV,avail,avail
Tony Gonsolin,32352,19388,664062,gonsoto01,P,GH,ILK,SSF
Garrett Cleavinger,31525,17897,664076,cleavga01,P,VAN,avail,avail
Pete Fairbanks,32614,17998,664126,fairbpe01,P,HAL,TBT,NB
Geoff Hartlieb,32360,19558,664129,hartlge01,P,avail,avail,avail
Ian Gibaut,31566,17871,664139,gibauia01,P,GH,JFS,HOB
Joey Lucchesi,31682,19320,664192,lucchjo01,P,STE,ILK,SLB
Taylor Clarke,30919,17611,664199,clarkta01,P,avail,avail,avail
Tyler Cyr,31563,18421,664202,cyrty01,P,avail,avail,avail
Phil Maton,31145,18064,664208,matonph01,P,HAL,BAB,CW
Dylan Moore,32170,18042,664238,mooredy01,B,HAL,avail,SIP
Kyle Garlick,31590,18063,664247,garliky01,B,avail,avail,avail
Framber Valdez,31463,17295,664285,valdefr01,P,HAL,BAB,CW
Dauri Moreta,32150,21101,664294,moretda01,P,HAR,ANG,ECB
Cristian Javier,32810,17606,664299,javiecr01,P,CC,TBT,VM
Estevan Florial,31464,19151,664314,flories01,B,RM,avail,avail
Jose Urquidy,30997,18413,664353,urquijo01,P,RAM,ANG,SB
Alejo Lopez,33445,21127,664670,lopezal03,B,avail,avail,avail
Myles Straw,31569,17620,664702,strawmy01,B,GH,GAP,SR
Kyle Isbel,33369,21614,664728,isbelky01,B,VAN,STL,avail
Jose Espada,34986,21131,664744,espadjo01,P,avail,avail,avail
Alexis Diaz,33476,21132,664747,diazal03,P,BRA,SEA,WC
Alec Bohm,32813,21618,664761,bohmal01,B,PR,NYZ,TT
Nathan Lukes,32534,18123,664770,lukesna01,B,avail,avail,avail
LaMonte Wade,31561,18126,664774,wadela01,B,RM,OCG,SLB
Jake Cousins,33444,21620,664776,cousija01,P,avail,avail,avail
Danny Young,32468,18439,664849,youngda02,P,avail,avail,avail
Ryan Helsley,31544,18138,664854,helslry01,P,STE,LWC,TT
Seby Zavala,32612,18887,664874,zavalse01,B,BRA,avail,WC
Justin Lawrence,32174,17639,664875,lawreju01,P,RAM,BAB,HOB
Danny Mendick,32549,18889,664901,mendida01,B,avail,avail,avail
Seth Brown,32485,18171,664913,brownse01,B,BRA,STL,avail
James Naile,32412,18186,664942,naileja01,P,avail,avail,avail
Anthony Misiewicz,32408,18152,664948,misiean01,P,avail,avail,avail
Brett Sullivan,31581,18217,664954,sullibr01,B,avail,avail,avail
Jake McCarthy,33351,21622,664983,mccarja02,B,RAC,OBS,WAU
Trevor Kelley,32040,18454,665001,kelletr01,P,avail,avail,avail
Kody Clemens,33093,20572,665019,clemeko01,B,avail,avail,avail
Hobie Harris,32358,18615,665048,harriho02,P,avail,avail,avail
Jared Walsh,30782,18607,665120,walshja01,B,avail,avail,OCS
Dean Kremer,32382,19350,665152,kremede01,P,GRF,OBS,CW
Nick Maton,33135,21635,665155,matonni01,B,avail,avail,avail
Jeremy Pena,33054,21636,665161,penaje02,B,STE,LWC,WAU
Fernando Tatis Jr.,31749,19709,665487,tatisfe02,B,ALA,HAM,SSF
Vladimir Guerrero Jr.,31603,19611,665489,guerrvl02,B,RM,ANG,PP
Cristian Pache,31750,19948,665506,pachecr01,B,RAM,avail,avail
Deivi Garcia,32825,20276,665620,garcide01,P,avail,avail,avail
Luis Medina,33260,21649,665622,medinlu02,P,BRA,MBL,SB
Elvis Peguero,33458,21652,665625,pegueel01,P,GNB,BAB,WAU
Reiver Sanmartin,32826,19754,665665,sanmare01,P,avail,avail,avail
Angel Felipe,34807,21163,665734,felipan01,P,avail,avail,avail
Juan Soto,32070,20123,665742,sotoju01,B,ALA,SEA,ECB
Leody Taveras,31608,18900,665750,taverle01,B,RM,STL,HOB
Edward Cabrera,32240,21690,665795,cabreed02,P,PR,RAH,TBD
Miguel Amaya,33125,21693,665804,amayami01,B,HAL,ILK,PP
Oswaldo Cabrera,33142,21707,665828,cabreos01,B,RM,ANG,CW
Oneil Cruz,31610,21711,665833,cruzon01,B,GH,STL,VM
Enmanuel Valdez,33666,21716,665839,valdeen01,B,ROC,avail,avail
Jazz Chisholm Jr.,32236,20454,665862,chishja01,B,HAL,ANG,KR
Javier Assad,33669,21741,665871,assadja01,P,ROC,RAH,WC
Jose Fermin,33670,21746,665877,fermijo01,B,avail,avail,avail
Jose Marte,33456,21761,665896,martejo01,P,avail,avail,avail
Esteury Ruiz,33334,21780,665923,ruizes01,B,RAM,ILK,MVR
Andres Gimenez,31606,19950,665926,gimenan01,B,SV,GDJ,PP
Jonathan Aranda,33681,21837,666018,arandjo01,B,GRF,HAM,NB
Freddy Fermin,33019,21840,666023,fermifr01,B,RAC,WAW,VM
Braxton Garrett,32955,21844,666129,garrebr01,P,GRF,SEA,VM
Nolan Jones,32197,20529,666134,jonesno01,B,RM,NYZ,SB
Alex Kirilloff,32191,20325,666135,kirilal01,B,TB,MMA,TT
Josh Lowe,31230,19953,666139,lowejo01,B,RAC,WAW,MVR
Cole Ragans,33685,21846,666142,raganco01,P,STE,TBT,NB
Tyler Fitzgerald,33686,26208,666149,fitzgty01,B,WHI,avail,avail
Dominic Fletcher,33687,26149,666150,fletcdo01,B,CK,OCG,avail
David Hamilton,33688,27531,666152,hamilda03,B,avail,avail,avail
Karl Kauffmann,33689,27488,666154,kauffka01,P,avail,avail,avail
Nick Lodolo,33438,26378,666157,lodolni01,P,GNB,OCG,PP
Gavin Lux,31624,19955,666158,NA,B,PR,MBL,MVR
Matt Manning,32189,20369,666159,mannima02,P,WHI,NYZ,WC
Mickey Moniak,31612,19956,666160,moniami01,B,CAM,JFS,KR
Ben Rortvedt,31645,20287,666163,rortvbe01,B,avail,avail,avail
Blake Rutherford,31622,19957,666164,ruthebl01,B,avail,avail,avail
Blake Sabol,33690,25805,666165,sabolbl01,B,TB,WWL,SR
Mason Thompson,32204,21850,666168,thompma02,P,avail,avail,CB
Jo Adell,32270,20220,666176,adelljo01,B,BRA,JFS,SLB
Will Benson,32190,21853,666181,bensowi01,B,VAN,HAM,SB
Bo Bichette,31653,19612,666182,bichebo01,B,DAY,WAW,WC
Dylan Carlson,31231,20126,666185,carlsdy01,B,GRF,RAH,KR
Grae Kessinger,33694,25813,666197,kessigr01,B,DAY,avail,avail
Carter Kieboom,32192,19958,666198,kieboca01,B,avail,STL,avail
Jesus Luzardo,32206,19959,666200,luzarje01,P,CK,WAW,MVR
Alek Manoah,33441,26410,666201,manoaal01,P,DV,MBL,OCS
Dany Jimenez,32998,21170,666204,jimenda01,P,CK,MBL,avail
Kyle Muller,32194,20167,666205,mulleky01,P,BRA,avail,avail
Alex Speas,33696,21859,666208,speasal01,P,avail,GAP,avail
Taylor Trammell,31633,19960,666211,trammta01,B,avail,avail,avail
Joey Wentz,31636,19962,666214,wentzjo01,P,RAC,avail,SR
George Soriano,34312,21863,666277,soriage01,P,SV,avail,PP
Bo Naylor,33698,21865,666310,naylobo01,B,HOM,STL,PP
Jordan Balazovic,32212,21866,666364,balazjo02,P,avail,avail,avail
Matt Brash,33469,25756,666374,brashma01,P,GRF,BAB,OCS
Edouard Julien,33699,27534,666397,julieed01,B,ROC,STL,WAU
Gregory Santos,33264,21894,666619,santogr01,P,SV,BAB,SLB
Christopher Morel,33265,21897,666624,morelch01,B,BRA,RAH,SB
Eguy Rosario,32188,19964,666703,rosareg01,B,DV,LWC,avail
Yerry Rodriguez,33267,21955,666720,rodriye01,P,avail,avail,avail
Max Castillo,33706,21956,666721,castima03,P,ROC,avail,avail
Jhony Brito,33707,25386,666745,britojh01,P,RAC,GDJ,IR
Rodolfo Castro,33268,21987,666801,castrro01,B,GNB,STL,avail
Camilo Doval,33269,21992,666808,dovalca01,P,VAN,WWL,SB
Luis Frias,33270,21997,666818,friaslu01,P,avail,avail,avail
Jake Alu,33708,25569,666906,aluja01,B,DAY,avail,avail
Bobby Dalbec,31686,19966,666915,dalbebo01,B,CAM,MMA,avail
Adolis Garcia,30800,19287,666969,garciad02,B,RM,BAB,HOB
Lourdes Gurriel Jr.,30828,19238,666971,gurrilo01,B,ROC,MMA,OCS
Yennier Cano,33709,25911,666974,canoye01,P,CK,OCG,IR
Zach Jackson,32208,19493,667427,jacksza02,P,avail,avail,SIP
Corey Julks,32990,20311,667452,julksco01,B,CAM,avail,avail
John King,33240,22051,667463,kingjo01,P,avail,avail,avail
Dane Myers,33718,22054,667472,myersda01,B,avail,avail,avail
Brent Rooker,31802,19627,667670,rookebr01,B,GNB,WAW,WAU
Jose Soriano,33362,22100,667755,soriajo02,P,SV,avail,avail
Randy Arozarena,31468,19290,668227,arozara01,B,GRF,OCG,CW
Tyson Miller,31696,19976,668338,millety01,P,avail,avail,avail
Hagen Danner,34937,22116,668470,NA,P,avail,avail,avail
Nick Pratto,32261,22117,668472,prattni01,B,ALA,JFS,avail
Tres Barrera,32479,19977,668663,barretr01,B,avail,avail,avail
Stephen Nogosek,31709,19545,668665,nogosst01,P,avail,avail,avail
Jake Rogers,31671,19452,668670,rogerja03,B,TB,NYZ,SLB
Lucas Erceg,31638,19360,668674,erceglu01,P,HOM,WWL,avail
Zach Plesac,32615,19979,668676,plesaza01,P,CAM,avail,avail
Zac Gallen,31676,19291,668678,galleza01,P,ROC,ILK,WAU
JJ Bleday,33358,26368,668709,bledajj01,B,BRA,GAP,MVR
Spencer Steer,33731,26323,668715,steersp01,B,GNB,MBL,IR
Akil Baddoo,32201,22168,668731,baddoak01,B,ROC,ILK,SSF
Cal Mitchell,32263,22169,668751,mitchca01,B,avail,avail,avail
Braden Bristo,32949,20494,668754,bristbr01,P,avail,avail,avail
Andrew Knizner,31720,19514,668800,kniznan01,B,VAN,STL,CB
Bryan Reynolds,31648,19326,668804,reynobr01,B,SV,TBT,CW
Easton McGee,33741,22176,668834,mcgeeea01,P,CC,avail,avail
Conner Capel,31703,19983,668843,capelco01,B,avail,avail,avail
Zack D. Thompson,34281,25918,668868,thompza02,P,SV,MBL,VM
Caleb Kilian,33745,26213,668873,kiliaca01,P,avail,avail,avail
Hunter Greene,32268,22182,668881,greenhu01,P,WHI,OBS,WC
Mark Vientos,33748,22184,668901,vientma01,B,DV,SEA,avail
Royce Lewis,32266,20437,668904,lewisro02,B,RM,NYZ,CW
Gavin Williams,34927,30122,668909,williga01,P,DV,OBS,SLB
Brice Turang,32958,22186,668930,turanbr02,B,STE,HAM,SB
Graham Ashcraft,33750,27552,668933,ashcrgr01,P,PR,SEA,SLB
Adley Rutschman,32919,26288,668939,rutscad01,B,CK,BAB,MVR
JoJo Romero,31677,19574,668941,romerjo01,P,GRF,TBT,CB
Josh Rojas,32582,19734,668942,rojasjo01,B,RM,HAM,CB
Ryan Kreidler,33753,25867,668952,kreidry01,B,avail,avail,avail
Gavin Hollowell,34295,25427,668970,holloga01,P,avail,avail,avail
Casey Legumina,34853,25921,668984,legumca01,P,avail,avail,avail
Garrett Mitchell,33756,27555,669003,mitchga01,B,HAR,WAW,WAU
MJ Melendez,32259,22197,669004,melenmj01,B,CAM,HAM,NB
Brandon Marsh,32198,20202,669016,marshbr02,B,VAN,GDJ,WAU
MacKenzie Gore,32269,22201,669022,gorema01,P,CK,WAW,ECB
Jeter Downs,32276,22202,669023,downsje01,B,avail,avail,avail
Bryse Wilson,31679,19990,669060,wilsobr02,P,RAC,SEA,WAU
Kyle Stowers,33757,26151,669065,stoweky01,B,RAM,avail,avail
DL Hall,32273,22207,669084,halldl01,P,ALA,TBT,MVR
Sam Huff,33173,22209,669087,huffsa01,B,DV,TBT,WC
Jeremiah Estrada,34291,22210,669093,estraje01,P,avail,avail,avail
Zach Muckenhirn,32410,20209,669105,muckeza01,P,avail,avail,avail
John McMillon,35181,27942,669111,mcmiljo01,P,SV,avail,avail
Shea Langeliers,33761,25816,669127,langesh01,B,GNB,GDJ,TBD
Luis Campusano,33107,22217,669134,campulu01,B,TB,GDJ,HOB
Bruce Zimmermann,32469,20370,669145,zimmebr02,P,avail,avail,avail
Dustin May,31672,19716,669160,maydu01,P,HAR,MMA,TBD
Kyle Hurt,35014,27514,669165,hurtky01,P,SV,avail,avail
Jonathan Heasley,33466,22224,669169,heasljo01,P,avail,avail,avail
Ryne Nelson,33765,26253,669194,nelsory01,P,PR,GDJ,WC
Mason McCoy,32842,22232,669200,mccoyma01,B,avail,avail,avail
Corbin Burnes,31681,19361,669203,burneco01,P,RAM,WAW,WAU
Keegan Akin,31644,19362,669211,akinke01,P,avail,avail,avail
Eli Morgan,32843,20203,669212,morgael01,P,WHI,GDJ,SR
Sean Murphy,31664,19352,669221,murphse01,B,HAR,ANG,ECB
Nick Senzel,31613,19293,669222,senzeni01,B,RM,OCG,SR
Austin Wells,34353,27562,669224,wellsau01,B,TB,GDJ,CW
Tommy Edman,32036,19470,669242,edmanto01,B,RAM,OCG,CW
Will Smith,31631,19197,669257,smithwi05,B,RAC,OBS,HOB
Jack Suwinski,33767,22244,669261,suwinja01,B,TB,NYZ,SR
Joel Kuhnel,31727,19995,669270,kuhnejo01,P,avail,avail,avail
Dylan Lee,32388,19996,669276,leedy01,P,DV,avail,IR
Santiago Espinal,32220,19997,669289,espinsa01,B,WHI,SEA,WC
Logan Gilbert,32845,22250,669302,gilbelo01,P,BRA,BAB,SIP
Jose Miranda,32200,20538,669304,miranjo01,B,HIG,STL,avail
Tyler Wells,31741,20000,669330,wellsty01,P,GNB,OCG,VM
Bubba Thompson,32257,22261,669352,thompbu01,B,avail,avail,avail
Nolan Gorman,33138,22263,669357,gormano01,B,HOM,BAB,MVR
Xavier Edwards,33225,22266,669364,edwarxa01,B,GRF,STL,TT
Bryce Johnson,32959,20002,669369,johnsbr03,B,avail,avail,IR
Tarik Skubal,32846,22267,669373,skubata01,P,HAL,FMB,SIP
Carmen Mlodzinski,33773,27572,669387,mlodzca01,P,RAC,NYZ,CW
Owen White,35074,22273,669391,whiteow01,P,RM,ANG,avail
Samad Taylor,32221,22274,669392,taylosa04,B,avail,avail,avail
Jake Burger,33274,22275,669394,burgeja01,B,TB,FMB,KR
Dylan Coleman,33467,22276,669395,colemdy01,P,avail,avail,avail
Nick Allen,32286,22277,669397,allenni02,B,ALA,GDJ,avail
Jimmy Lambert,31701,19541,669424,lambeji01,P,avail,avail,avail
Trevor Rogers,32271,22286,669432,rogertr01,P,WHI,OBS,CW
Mason Englert,34302,22288,669438,englema01,P,RM,avail,avail
Cooper Hummel,32989,19458,669450,hummeco01,B,avail,avail,avail
Shane Bieber,31688,19427,669456,biebesh01,P,DAY,RAH,PP
Kyle Nelson,32847,20515,669459,nelsoky01,P,CC,avail,avail
Matthew Liberatore,33776,22294,669461,liberma01,P,PR,JFS,VM
Andre Pallante,33478,26108,669467,pallaan01,P,HAL,avail,avail
Casey Schmitt,33778,27577,669477,schmica01,B,PR,BAB,avail
Shane Baz,33416,22264,669538,NA,P,HAL,RAH,MVR
Joe Barlow,32848,22296,669618,barlojo01,P,CAM,avail,PP
Sam Long,33411,25379,669674,longsa01,P,avail,avail,avail
Chris Murphy,33779,26214,669684,murphch01,P,HAL,avail,avail
Braden Shewmake,32950,25817,669699,shewmbr01,B,avail,avail,avail
Josh Smith,33781,26396,669701,smithjo11,B,HAL,avail,avail
Jared Triolo,33783,25807,669707,triolja01,B,WHI,SEA,PP
Greg Weissert,33028,20375,669711,weissgr01,P,avail,avail,avail
Hayden Wesneski,33784,27581,669713,wesneha01,P,HAR,GDJ,TBD
Austin Hays,31208,19363,669720,haysau01,B,HAR,MBL,TBD
Davis Daniel,33786,27582,669721,danieda01,P,avail,avail,avail
Brenan Hanifee,32209,22304,669724,hanifbr01,P,avail,avail,avail
Darick Hall,32850,19717,669742,hallda02,B,avail,avail,avail
Alex Call,31665,19296,669743,callal02,B,DAY,LWC,avail
Jose Hernandez,34309,22318,669796,hernajo03,P,WHI,avail,avail
Ronel Blanco,32315,19407,669854,blancro01,P,avail,avail,avail
Michael Toglia,33791,25845,669911,toglimi01,B,GH,BAB,avail
Kirby Snead,32852,19179,669912,sneadki01,P,avail,avail,avail
George Kirby,33792,25436,669923,kirbyge01,P,GNB,NYZ,CB
Jesse Scholtens,32440,19205,669947,scholje01,P,BRA,avail,avail
Mitch White,31652,19225,669952,whitemi03,P,avail,avail,avail
Nicky Lopez,31706,19339,670032,lopezni01,B,HIG,avail,SIP
Matt Festa,31716,19330,670036,festama01,P,avail,avail,avail
Luke Raley,31719,19354,670042,raleylu01,B,ROC,HAM,KR
Kenny Rosenberg,32855,20009,670046,rosenke01,P,avail,avail,avail
Colin Holderman,33795,22361,670059,holdeco01,P,TB,MMA,SLB
Zack Short,32595,19562,670097,shortza01,B,BRA,avail,avail
Bowden Francis,32859,20548,670102,francbo01,P,CC,OCG,KR
Adam Oller,33485,20132,670124,ollerad01,P,avail,avail,avail
Taylor Kohlwey,32523,19212,670128,kohlwta01,B,avail,avail,avail
Miles Mastrobuoni,33129,20017,670156,mastrmi01,B,avail,avail,avail
John Schreiber,32441,20020,670167,schrejo01,P,DAY,avail,avail
Josh Winckowski,33801,22387,670174,winckjo01,P,ALA,GAP,ECB
Garrett Acton,34922,27583,670183,actonga01,P,avail,avail,avail
Matt Mervis,34617,27845,670223,mervima01,B,HAL,JFS,avail
Darius Vines,34884,25928,670241,vinesda01,P,avail,avail,avail
Matt Wallner,33809,26466,670242,wallnma01,B,WHI,MBL,SIP
Cal Stevenson,32962,22411,670276,steveca01,B,avail,avail,avail
David Bednar,31746,19569,670280,bednada01,P,DV,ANG,VM
Rico Garcia,32344,20023,670329,garciri01,P,avail,avail,avail
Yordan Alvarez,31755,19556,670541,alvaryo01,B,DV,ANG,CW
Isaac Paredes,31751,20036,670623,paredis01,B,HIG,GDJ,NB
Mike Brosseau,32484,19683,670712,brossmi01,B,avail,avail,avail
Taylor Walls,33191,22458,670764,wallsta01,B,HAR,LWC,HOB
Darren McCaughan,32399,20038,670766,mccauda01,P,avail,avail,avail
TJ Friedl,31756,19522,670770,friedtj01,B,GRF,WWL,WAU
Logan Gillaspie,33822,22461,670810,gillalo01,P,avail,avail,avail
Livan Soto,33823,22471,670869,sotoli01,B,avail,avail,avail
Guillermo Zuniga,33825,19588,670871,zuniggu01,P,avail,avail,avail
Johan Oviedo,32103,22487,670912,oviedjo01,P,RM,WWL,CB
Trevor Richards,31754,19309,670950,richatr01,P,PR,avail,WC
Edwin Uceta,32870,20539,670955,ucetaed01,P,avail,avail,avail
Adrian Morejon,32242,20039,670970,morejad01,P,avail,avail,avail
Yohan Ramirez,31753,19444,670990,ramiryo01,P,avail,avail,avail
Ivan Herrera,33278,20599,671056,herreiv01,B,SV,RAH,MVR
Buddy Kennedy,33827,22505,671083,kennebu01,B,avail,avail,avail
Andrew Abbott,34793,29911,671096,abbotan01,P,HAR,WAW,PP
Logan Allen,35024,27589,671106,allenlo02,P,CAM,ANG,SB
Sammy Peralta,35104,25589,671111,peralsa01,P,avail,avail,avail
Jackson Rutledge,35171,26215,671131,rutleja01,P,ALA,FMB,avail
Joe Boyle,34968,29608,671212,boylejo01,P,GRF,BAB,avail
Triston Casas,33200,22514,671213,casastr01,B,HOM,RAH,ECB
Heliot Ramos,32272,22515,671218,ramoshe02,B,RAM,avail,avail
Drew Waters,32872,20505,671221,waterdr01,B,CK,SEA,KR
Luis V. Garcia,32244,20391,671277,garcilu04,B,CAM,JFS,OCS
Tyler Freeman,33204,22532,671289,freemty01,B,ALA,FMB,SB
Jason Foley,33353,19531,671345,foleyja01,P,HOM,TBT,SIP
Lawrence Butler,34595,22542,671732,butlela01,B,HAR,avail,avail
Taj Bradley,34313,22543,671737,bradlta01,P,PR,WWL,TT
Michael Harris II,33836,25931,671739,harrimi04,B,BRA,BAB,SSF
Patrick Bailey,33837,27478,672275,bailepa01,B,HAL,MMA,SSF
Michael Siani,33387,22557,672279,sianimi01,B,avail,avail,avail
Reid Detmers,33451,27468,672282,detmere01,P,HOM,ANG,HOB
Jarred Kelenic,33050,22558,672284,kelenja01,B,HAR,GDJ,SLB
Cionel Perez,31822,19614,672335,perezci01,P,HAR,GDJ,SLB
Gabriel Arias,33021,22563,672356,ariasga01,B,VAN,MBL,SB
Alejandro Kirk,32920,22581,672386,kirkal01,B,ROC,ILK,IR
Kaleb Ort,33090,20061,672391,ortka01,P,avail,avail,avail
Jordan Diaz,33841,22650,672478,diazjo03,B,CAM,MBL,IR
Gabriel Moreno,33281,22664,672515,morenga01,B,VAN,GDJ,OCS
Carlos Hernandez,33239,22713,672578,hernaca04,P,RAM,FMB,avail
Maikel Garcia,34284,22715,672580,garcima01,B,RAC,WAW,SIP
Angel Zerpa,33282,22717,672582,zerpaan01,P,CAM,avail,avail
Geraldo Perdomo,33285,22799,672695,perdoge01,B,GRF,GDJ,HOB
Roansy Contreras,33286,22810,672710,contrro01,P,PR,SEA,ECB
Luis Patino,33109,22815,672715,patinlu01,P,ROC,ANG,VM
Oswald Peraza,33287,22823,672724,perazos02,B,TB,OCG,TBD
Juan Then,33288,22828,672730,thenju01,P,avail,avail,avail
Alexander Canario,33289,22842,672744,canaral01,B,SV,SEA,avail
Tucupita Marcano,33290,22871,672779,marcatu01,B,HIG,SEA,avail
Yoendrys Gomez,33291,22872,672782,gomezyo01,P,WHI,avail,avail
Lenyn Sosa,33102,22896,672820,sosale01,B,VAN,avail,avail
Carlos Vargas,33294,22915,672841,vargaca01,P,avail,avail,avail
Joan Adon,33295,22925,672851,adonjo01,P,BRA,avail,avail
Prelander Berroa,35080,22932,672860,berropr01,P,HOM,avail,avail
Jose Lopez,34987,22982,673111,lopezjo04,P,avail,avail,avail
Yainer Diaz,33855,23003,673237,diazya02,B,WHI,ANG,OCS
Luis Robert Jr.,32578,20043,673357,roberlu01,B,VAN,BAB,ECB
Ha-Seong Kim,33343,27506,673490,kimha01,B,SV,GDJ,PP
Kodai Senga,34308,31838,673540,sengako01,P,HOM,HAM,SR
Seiya Suzuki,33487,30116,673548,suzukse01,B,RM,SEA,PP
Jake Wong,35175,23095,673858,wongja01,P,avail,avail,avail
Josh Jung,33363,26299,673962,jungjo01,B,HAR,TBT,HOB
Cody Bradford,33866,27597,674003,bradfco01,P,VAN,GDJ,avail
Tommy Henry,33869,26285,674072,henryto01,P,CAM,MBL,OCS
Eduardo Salazar,33873,23135,674285,salazed01,P,avail,avail,avail
Osvaldo Bido,33874,23150,674370,bidoos01,P,ALA,avail,avail
Steven Cruz,35124,23165,674444,cruzst01,P,avail,avail,avail
Michael Plassmeyer,33123,23191,674681,plassmi01,P,avail,avail,avail
Xzavion Curry,33881,25595,675540,curryxz01,P,WHI,GDJ,SB
Michael Grove,33882,23221,675627,grovemi01,P,DAY,avail,MVR
Kevin Smith,32597,20242,675656,smithke05,B,avail,avail,avail
Spencer Strider,33470,27498,675911,stridsp01,P,CK,SEA,HOB
James Karinchak,32377,20151,675916,karinja01,P,RAC,ANG,SB
Spencer Howard,32279,23252,675921,howarsp01,P,avail,avail,avail
Alika Williams,33891,27604,675961,willial04,B,avail,avail,avail
Canaan Smith-Njigba,33900,23264,675986,smithca05,B,avail,avail,avail
Cody Bolton,32878,23265,675989,boltoco01,P,avail,avail,avail
Packy Naughton,32294,23292,676050,naughpa01,P,avail,avail,avail
Jordan Westburg,33902,27815,676059,westbjo01,B,DV,STL,WAU
Jacob Amaya,33041,23296,676070,amayaja01,B,HAR,avail,avail
Janson Junk,33048,23301,676083,junkja01,P,avail,avail,avail
Collin Snider,33483,23307,676092,snideco01,P,avail,avail,avail
Emerson Hancock,33905,27470,676106,hancoem01,P,GH,GDJ,avail
Ryan Noda,32248,23312,676116,nodary01,B,HAR,LWC,ECB
Jose Butto,33907,23313,676130,buttojo01,P,RAC,NYZ,CB
Freddy Tarnok,32285,23324,676206,tarnofr01,P,avail,avail,OCS
Ryan Walker,33909,20423,676254,walkery01,P,HAL,JFS,SSF
Cory Abbott,32282,20277,676265,abbotco01,P,avail,avail,avail
Bobby Miller,33910,27483,676272,millebo06,P,HAL,MMA,PP
Jonny Deluca,34543,26365,676356,delucjo01,B,PR,OBS,avail
Nelson Velazquez,33914,23359,676369,velazne01,B,ALA,SEA,WC
Ernie Clement,32255,20352,676391,clemeer01,B,DAY,avail,avail
Robert Garcia,33917,23363,676395,garciro04,P,RAM,avail,avail
Tanner Bibee,35129,30134,676440,bibeeta01,P,GRF,OCG,SB
Alec Burleson,33921,27615,676475,burleal01,B,HOM,JFS,OCS
Garrett Whitlock,32466,20191,676477,whitlga01,P,CC,NYZ,IR
Jose Barrero,33081,23378,676480,garcijo02,B,CK,LWC,avail
Calvin Faucher,33924,20116,676534,fauchca01,P,avail,avail,avail
Josh Fleming,32884,20418,676596,flemijo01,P,avail,avail,SR
Jose Caballero,34552,23401,676609,cabaljo01,B,HIG,RAH,SLB
Rylan Bannon,32477,19768,676625,bannory01,B,avail,avail,avail
Bligh Madris,32258,20054,676632,madribl01,B,avail,avail,avail
JP Sears,33471,23429,676664,searsjp01,P,GH,FMB,PP
Tom Cosgrove,33934,23443,676680,cosgrto01,P,GNB,ANG,TBD
Will Vest,33222,19769,676684,vestwi01,P,RAC,WAW,SLB
Ricky Karcher,35088,23449,676689,karchri01,P,avail,avail,avail
Jake Meyers,33043,20308,676694,meyerja02,B,HAR,HAM,SIP
Alan Trejo,32246,20056,676701,trejoal01,B,STE,avail,avail
Hunter Stratton,33936,23455,676702,strathu01,P,avail,avail,avail
Kutter Crawford,32295,20531,676710,crawfku01,P,HAR,JFS,KR
Brandon Hughes,33938,23460,676714,hughebr01,P,avail,avail,avail
Jared Young,33939,20404,676724,youngja02,B,avail,avail,avail
Ron Marinaccio,33472,23488,676760,marinro01,P,VAN,MMA,TBD
Irving Lopez,33035,20463,676761,lopezir01,B,avail,avail,avail
Keaton Winn,35003,23499,676775,winnke01,P,SV,NYZ,SSF
Chas McCormick,32545,19599,676801,mccorch01,B,ROC,JFS,SB
Aaron Ashby,33446,23550,676879,ashbyaa01,P,avail,WAW,NB
Chandler Seagle,33953,23552,676882,seaglch01,B,avail,avail,avail
Davis Schneider,34431,23565,676914,schneda03,B,HAL,BAB,SLB
Cade Cavalli,33956,27473,676917,NA,P,CK,BAB,ECB
Matthew Batten,32900,20157,676946,battema01,B,ROC,avail,avail
Caleb Boushley,32963,19736,676961,boushca01,P,avail,avail,avail
Max Meyer,33960,27474,676974,NA,P,CK,OBS,ECB
Garrett Crochet,33244,27463,676979,crochga01,P,ROC,ANG,avail
Heston Kjerstad,34491,31166,677008,kjershe01,B,BRA,GDJ,WC
Josh Walker,33964,23617,677020,walkejo03,P,avail,avail,avail
Andrew Nardi,33968,25942,677053,nardian01,P,SV,RAH,ECB
Clayton Andrews,32977,23631,677076,andrecl02,P,avail,avail,avail
Zack Kelly,32901,20349,677161,kellyza01,P,avail,avail,avail
Kyren Paris,34592,26420,677347,parisky01,B,DV,avail,avail
Wander Franco,33219,23667,677551,francwa01,B,HAR,GAP,ECB
Brayan Rocchio,33972,23690,677587,rocchbr01,B,GH,RAH,NB
Jose Tena,33973,23691,677588,tenajo01,B,avail,avail,avail
Everson Pereira,34467,23695,677592,pereiev01,B,BRA,WWL,TBD
Julio Rodriguez,33364,23697,677594,rodriju01,B,DAY,OBS,WC
Ronny Mauricio,33406,23698,677595,mauriro01,B,TB,ANG,TT
Ezequiel Duran,33975,23733,677649,duranez01,B,SV,JFS,SIP
Luis H. Garcia,33238,23735,677651,garcilu05,P,RAM,STL,MVR
Wilyer Abreu,34759,23772,677800,abreuwi02,B,CK,OBS,IR
Justin Bruihl,33453,23779,677865,bruihju01,P,avail,avail,avail
Jordyn Adams,34550,23788,677941,adamsjo03,B,avail,avail,avail
Slade Cecconi,35118,27500,677944,ceccosl01,P,HAR,avail,avail
Alek Thomas,33306,23792,677950,thomaal01,B,GNB,MBL,KR
Bobby Witt Jr.,33482,25764,677951,wittbo02,B,RAC,GAP,IR
Ryan Weathers,33247,23796,677960,weathry01,P,RM,GDJ,avail
Parker Meadows,33400,23800,678009,meadopa01,B,HAL,JFS,KR
Ray Kerr,33153,23809,678061,kerrra01,P,avail,avail,avail
Ji Hwan Bae,33980,23818,678225,baeji01,B,HIG,MBL,SR
Daysbel Hernandez,33981,20271,678226,hernada03,P,avail,avail,avail
Miguel Vargas,33388,20178,678246,vargami01,B,PR,MMA,MVR
Brayan Bello,33984,23920,678394,bellobr01,P,VAN,STL,NB
Osleivis Basabe,34655,23985,678545,basabos01,B,RM,avail,avail
Curtis Mead,33985,23986,678554,meadcu01,B,GH,WAW,HOB
Jose Ferrer,34989,24017,678606,ferrejo01,P,RM,avail,avail
Ezequiel Tovar,34297,24064,678662,tovarez01,B,SV,GAP,SIP
Ceddanne Rafaela,34386,24262,678882,rafaece01,B,RM,ILK,IR
Liover Peguero,33991,24273,678894,pegueli01,B,CK,FMB,MVR
Johan Rojas,33992,24336,679032,rojasjo03,B,SV,OBS,IR
Edgar Navarro,34899,24363,679346,navared01,P,avail,avail,avail
Alec Marsh,33995,27451,679525,marshal01,P,GH,GDJ,avail
Spencer Torkelson,33473,27465,679529,torkesp01,B,WHI,MMA,WC
Terrin Vavra,33422,24400,679631,vavrate01,B,avail,avail,avail
Nick Loftin,34005,27630,679845,loftini01,B,DAY,GDJ,KR
J.P. Martinez,33086,24451,679881,martijp01,B,avail,avail,avail
Justin Martinez,34997,24453,679885,martiju01,P,avail,avail,avail
Dairon Blanco,32994,19779,680118,blancda02,B,DAY,STL,NB
Jackson Wolf,34951,29832,680232,wolfja01,P,avail,avail,avail
Tyler Cropley,35186,24485,680418,croplty01,B,avail,avail,avail
Grayson Rodriguez,33340,24492,680570,rodrigr01,P,ALA,OCG,CB
Simeon Woods Richardso,33418,24494,680573,woodssi01,P,SV,MMA,OCS
Matt McLain,34616,29695,680574,mclaima01,B,WHI,OCG,ECB
Josiah Gray,32904,24580,680686,grayjo03,P,TB,MMA,NB
Lyon Richardson,35179,24581,680689,richaly01,P,HAR,GAP,avail
Kyle Bradish,34016,24586,680694,bradiky01,P,ROC,JFS,SLB
Richie Palacios,34017,24589,680700,palacri01,B,HAL,TBT,avail
Nick Sandlin,33137,20517,680704,sandlni01,P,SV,LWC,SB
Jonathan Ornelas,34541,24597,680716,orneljo01,B,avail,avail,avail
Drew Rom,34020,24602,680723,romdr01,P,RM,avail,avail
Austin Cox,34021,24604,680735,coxau01,P,HAR,avail,avail
Josh Winder,33484,24606,680739,windejo01,P,ALA,OCG,avail
Jonathan Bowlan,34023,24607,680742,bowlajo01,P,avail,avail,avail
Steven Kwan,33188,24610,680757,kwanst01,B,SV,GDJ,SR
Victor Vodnik,34027,24614,680767,vodnivi01,P,avail,avail,avail
Jarren Duran,32906,24617,680776,duranja01,B,DAY,JFS,WC
Ryan Jeffers,33166,24618,680777,jeffery01,B,HAR,WAW,IR
Henry Davis,34486,29617,680779,davishe01,B,ALA,STL,TBD
Peyton Burdick,34033,25459,680814,burdipe01,B,avail,avail,avail
Zack Gelof,34777,29766,680869,gelofza01,B,HAR,OBS,WC
Owen Miller,32907,24655,680911,milleow01,B,VAN,avail,PP
Brendan Donovan,33313,24679,680977,donovbr01,B,DAY,FMB,CB
Kelvin Caceres,35192,24681,680983,cacerke01,P,avail,avail,avail
Bryson Stott,33489,26294,681082,stottbr01,B,RAC,GDJ,SR
Jonah Bride,33073,24703,681146,bridejo01,B,avail,avail,avail
Randy Vasquez,34044,24719,681190,vasqura02,P,SV,BAB,WAU
Chase Silseth,34278,30074,681217,silsech01,P,HAR,WAW,WC
Colton Cowser,34410,29591,681297,cowseco01,B,GH,WWL,HOB
Logan O'Hoppe,34047,24729,681351,ohopplo01,B,GRF,MMA,NB
Gus Varland,34048,24737,681402,varlagu01,P,avail,avail,avail
Luke Little,35185,28036,681432,littllu01,P,VAN,avail,avail
Kerry Carpenter,34051,25961,681481,carpeke01,B,GNB,BAB,WC
Kyle Leahy,34056,24763,681517,leahyky01,P,avail,avail,avail
James Outman,34059,24770,681546,outmaja01,B,PR,OBS,VM
David Villar,33001,24782,681584,villada01,B,avail,avail,avail
Andrew Wantz,32910,24933,681806,wantzan01,P,GNB,ILK,avail
David Fry,34069,24934,681807,fryda01,B,CAM,avail,avail
Austin Warren,32942,24937,681810,warreau01,P,avail,avail,avail
Reese Olson,34075,24968,681857,olsonre01,P,WHI,GDJ,NB
Cooper Criswell,33460,24975,681867,criswco01,P,avail,avail,avail
Shawn Dubin,34077,24977,681869,dubinsh01,P,avail,avail,avail
Colin Selby,34874,24986,681882,selbyco01,P,avail,avail,avail
Kody Funderburk,34080,24993,681892,fundeko01,P,PR,avail,avail
Alex Vesia,32926,25007,681911,vesiaal01,P,WHI,SEA,OCS
Vinny Capra,32913,25040,681962,capravi01,B,avail,avail,avail
Grant Anderson,34932,20546,681982,andergr01,P,avail,avail,avail
Nate Eaton,34092,25055,681987,eatonna01,B,avail,avail,avail
Lane Ramsey,35020,25071,682010,ramsela02,P,avail,avail,avail
Garrett Hill,34100,25097,682051,hillga02,P,avail,avail,avail
Jacob Lopez,34101,25098,682052,lopezja04,P,avail,avail,avail
David Hensley,34102,25111,682073,henslda01,B,avail,avail,avail
Tim Herrin,34301,25139,682120,herriti01,P,HOM,avail,avail
Penn Murfee,33147,25174,682171,murfepe01,P,CC,avail,avail
Joe Jacques,33063,25178,682175,jacqujo01,P,avail,avail,avail
Brandon Williamson,34111,25463,682227,willibr02,P,RAC,WAW,SIP
Bryce Miller,34842,29837,682243,millebr04,P,DAY,GAP,ECB
Logan Porter,34116,20626,682515,portelo01,B,avail,avail,avail
Marco Luciano,34119,25616,682617,luciama01,B,GH,BAB,VM
Noelvi Marte,34121,26517,682622,marteno01,B,CK,NYZ,KR
Francisco Alvarez,34122,26121,682626,alvarfr01,B,DV,HAM,TBD
Luis Matos,34123,26467,682641,matoslu02,B,ALA,GDJ,HOB
Elly De La Cruz,34454,26668,682829,delacel01,B,CC,RAH,WC
Abner Uribe,34779,25327,682842,uribeab01,P,CK,OBS,KR
Luis L. Ortiz,34296,27646,682847,ortizlu03,P,SV,HAM,PP
Endy Rodriguez,34455,25332,682848,rodrien01,B,DAY,HAM,CB
CJ Abrams,33490,25768,682928,abramcj01,B,ALA,TBT,SLB
Devin Sweet,34127,25348,682967,sweetde01,P,avail,avail,avail
Riley Greene,33402,25976,682985,greenri03,B,HAR,MBL,SIP
Victor Mederos,35177,31533,682989,medervi01,P,avail,avail,avail
Quinn Priester,35081,25977,682990,priesqu01,P,ALA,HAM,avail
Corbin Carroll,34290,25878,682998,carroco02,B,VAN,SEA,HOB
Gunnar Henderson,34128,26289,683002,hendegu01,B,PR,MMA,NB
Anthony Volpe,34129,27647,683011,volpean01,B,TB,JFS,SIP
Michael Stefanic,33124,25353,683021,stefami01,B,GRF,avail,avail
Brett Baty,34130,26123,683146,batybr01,B,HOM,OCG,HOB
Joey Estes,35189,26257,683155,estesjo01,P,CC,avail,avail
Connor Phillips,34877,27649,683175,phillco01,P,BRA,BAB,MVR
Nick Mears,33136,25376,683232,mearsni01,P,avail,avail,avail
Andrew Vaughn,32932,26197,683734,vaughan01,B,HOM,SEA,CB
Michael Busch,34132,26319,683737,buschmi02,B,GH,MMA,HOB
Hunter Gaddis,34285,25636,683769,gaddihu01,P,CC,FMB,avail
Anthony Veneziano,34808,27453,685107,venezan01,P,avail,avail,avail
Wade Meckler,35180,31490,685133,mecklwa01,B,GRF,avail,avail
Andrew Saalfrank,34803,26203,685314,saalfan01,P,DV,avail,avail
Peyton Battenfield,34145,25777,685410,battepe01,P,DAY,avail,avail
Sal Frelick,34695,29622,686217,frelisa01,B,GRF,WAW,VM
Emmet Sheehan,34904,29839,686218,sheehem01,P,PR,HAM,MVR
Amos Willingham,35176,26128,686294,william01,P,avail,avail,avail
Drew Millas,34149,25643,686452,milladr01,B,ROC,avail,avail
Vinnie Pasquantino,34151,27676,686469,pasquvi01,B,VAN,BAB,KR
Cam Eden,34381,25476,686490,edenca01,B,avail,avail,avail
Dominic Canzone,34154,26438,686527,canzodo01,B,PR,avail,avail
Andre Lipcius,34155,25822,686531,lipcian01,B,WHI,avail,avail
Declan Cronin,34156,25645,686539,cronide01,P,avail,avail,avail
Ken Waldichuk,34159,27681,686610,waldike01,P,TB,FMB,CB
Hunter Brown,34160,25880,686613,brownhu01,P,HOM,MMA,MVR
Levi Stoudt,34162,25650,686651,stoudle01,P,avail,avail,avail
Ty Adcock,35174,25651,686654,adcocty01,P,avail,avail,avail
Brenton Doyle,34164,25479,686668,doylebr02,B,GH,MBL,avail
Korey Lee,34165,25543,686676,leeko01,B,RAM,WAW,avail
Michael Massey,34166,27684,686681,massemi02,B,GH,MBL,WAU
Carson Spiers,34852,27685,686730,spierca01,P,avail,avail,avail
Joe La Sorsa,34970,25481,686747,lasorjo01,P,avail,avail,avail
Ryan Pepiot,34168,26221,686752,pepiory01,P,VAN,OBS,ECB
Drey Jameson,34169,26260,686753,jamesdr01,P,ALA,GDJ,NB
TJ Hopkins,34171,25482,686759,hopkitj01,B,avail,avail,avail
Will Brennan,34176,25660,686823,brennwi02,B,HAL,GAP,OCS
Bryce Jarvis,34177,27477,686826,jarvibr01,P,RAC,avail,avail
Brendan White,34834,26024,686839,whitebr01,P,HOM,avail,avail
McKinley Moore,34307,25663,686842,mooremc01,P,avail,avail,avail
Joey Wiemer,34180,27690,686894,wiemejo01,B,ROC,HAM,WC
Cole Waites,34294,25665,686972,waiteco01,P,avail,avail,avail
Louie Varland,34293,27691,686973,varlalo01,P,GRF,MBL,NB
Vaughn Grissom,34287,26031,687093,grissva01,B,TB,ANG,ECB
Evan Justice,35183,30008,687145,justiev01,P,avail,avail,avail
Zach Neto,34775,31347,687263,netoza01,B,DAY,OBS,WAU
Kevin Kelly,34305,25679,687330,kellyke02,P,CC,OCG,CW
Brent Headrick,34835,27702,687396,headrbr01,P,avail,avail,avail
Joey Ortiz,34196,25493,687401,ortizjo06,B,RM,OCG,avail
Spencer Horwitz,34198,26477,687462,horwisp01,B,GRF,FMB,avail
Nick Robertson,34212,26226,687798,roberni01,P,avail,avail,avail
Cade Marlowe,34213,25505,687799,marloca01,B,GNB,avail,avail
Sawyer Gipson-Long,35105,26048,687830,gipsosa01,P,HAL,JFS,NB
Brandon Walter,34828,26056,687888,waltebr01,P,avail,avail,avail
Easton Lucas,34898,26058,687922,lucasea01,P,avail,avail,avail
Christian Encarnacion-Strand,35169,30011,687952,encarch01,B,GNB,WAW,OCS
Kolton Ingram,34230,26068,688427,ingrako01,P,avail,avail,avail
Orion Kerkering,35190,31776,689147,kerkeor01,P,HOM,WAW,MVR
Jeff Lindgren,34243,25830,689167,lindgje01,P,avail,avail,avail
Brett Wisely,34244,27735,689172,wiselbr01,B,avail,avail,avail
Beau Brieske,34245,26079,689225,briesbe01,P,avail,avail,CW
Dylan Dodd,34306,29928,689266,dodddy01,P,avail,avail,avail
Alek Jacob,34791,29628,689690,jacobal01,P,avail,avail,avail
Ben Joyce,34816,31461,690829,joycebe01,P,RAM,avail,avail
Kyle Harrison,35012,27758,690986,harriky01,P,HOM,BAB,SSF
Tyler Soderstrom,34740,27467,691016,soderty01,B,RM,HAM,VM
Jordan Walker,34310,27475,691023,walkejo02,B,GH,TBT,NB
Masyn Winn,34612,27479,691026,winnma01,B,HOM,LWC,ECB
Randy Wynne,35085,25804,691094,wynnera01,P,avail,avail,avail
Jasson Dominguez,34523,28080,691176,dominja01,B,GH,ANG,CW
Junior Caminero,35191,28163,691406,caminju01,B,PR,RAH,MVR
Eury Perez,34909,27768,691587,perezeu02,P,HAR,STL,IR
Pete Crow-Armstrong,34664,27769,691718,crowape01,B,GH,HAM,SIP
Jordan Lawlar,34547,29976,691783,lawlajo01,B,BRA,RAH,TBD
Oscar Colas,34300,30162,693049,colasos01,B,RAM,JFS,CB
Nick Gonzales,34259,27490,693304,gonzani01,B,WHI,TBT,avail
Kyle Nicolas,34262,27775,693312,nicolky01,P,SV,avail,avail
Bryan Woo,35173,30279,693433,woobr01,P,CC,OBS,HOB
Bryce Elder,33493,27779,693821,elderbr01,P,RAC,HAM,VM
Daniel Palencia,35178,27914,694037,palenda01,P,RAC,avail,avail
Brandon Pfaadt,34265,27782,694297,pfaadbr01,P,ALA,OCG,KR
Jared Shuster,34267,27472,694363,shustja01,P,RAC,ANG,avail
Nolan Schanuel,35182,33189,694384,schanno01,B,PR,FMB,VM
Evan Carter,34465,27790,694497,carteev01,B,HIG,ANG,VM
Gavin Stone,34926,27792,694813,stonega01,P,GH,WWL,ECB
Mason Miller,35170,31757,695243,millema03,P,VAN,LWC,TT
Hunter Goodman,34496,29715,696100,goodmhu01,B,VAN,avail,VM
Jordan Wicks,34982,30094,696136,wicksjo01,P,PR,SEA,TT
Sam Bachman,35102,29754,696147,bachmsa01,P,RM,STL,avail
Jacob Young,35184,29931,696285,youngja03,B,RAC,avail,avail
AJ Smith-Shawver,35172,29960,700363,smithaj01,P,BRA,BAB,WAU
Grant Hartwig,34933,29946,701643,hartwgr01,P,avail,avail,avail
Masataka Yoshida,34299,31837,807799,yoshima02,B,RM,JFS,IR
Hector Perez,31478,18592,660431,NA,P,avail,avail,avail
Riley Pint,31615,21858,666207,NA,P,avail,avail,avail
Johan Quezada,33241,20643,629498,NA,P,avail,avail,avail
Jake Reed,30524,16209,596082,NA,P,avail,avail,avail
Chris Vallimont,34070,24935,681808,NA,P,avail,avail,avail
